file,sku,name,price
10008.jpg,2010220410105,Contenedor De Paja Doble Capa MINISO Beige 750 ml,3490
10028.jpg,2010502110105,Exfoliante Corporal Miniso 250 gr Kiwi,3490
10035.jpg,2010647210104,Toallas Humedas We Bare Bears Collection 4.0 20 Toallas X 3 Paquetes - Wbb We Bare Bears,2990
10036.jpg,2010647310101,Toallas Humedas We Bare Bears Collection 4.0 8 Toallas X 8 Paquetes - Wbb We Bare Bears,2990
10048.jpg,2010932110102,Caja De Almacentamiento Con Agarradera Y Tapa MINISO,2990
10049.jpg,2010932210109,Caja De Almacentamiento Rectangular Miniso,2990
10050.jpg,2010932310106,Contenedor De Almacenamiento En Forma De Huevo MINISO Plástico 14 piezas,2990
10052.jpg,2010933011101,Masajeador Para Espalda Extendible Miniso Extensible Plástico Gris,2490
10084.jpg,2011424710107,Balsamo Labial Cooling De Sandia Miniso Medianas Plástico Grises 4 Piezas,2990
10088.jpg,2011441710104,Primer Tono Ajustable Color Me Miniso Rosado,6990
10100.jpg,2011555410105,Bombillas De Papel Diseños Mixtos MINISO,995
10118.jpg,2011564210109,Cepillo De Masaje Ovalado Rainbow Miniso,1743
10180.jpg,2011754710105,Lapiz Labial Color Me 02 Ruby Red Miniso,3990
10182.jpg,2011754712109,Lapiz Labial Color Me 05 Dry Rose Miniso,3990
102.jpg,0200024682,Esmalte Para Uñas Oro Viejo Golden 15 ml,1990
10218.jpg,2011855811107,Cesta De Almacenamiento De Cuerda De Algodon Con Asa L Blanco Y Negro MINISO,6293
10228.jpg,2011877710105,Botella De Plastico Para Deportes Con Asa MINISO,4990
10230.jpg,2011877712109,Botella De Plastico Para Deportes Con Asa MINISO,4990
10238.jpg,2011887410101,Kit De Pintura Mini Miniso,3990
10241.jpg,2011887413102,Kit de Pintura Mini - Narval/Ballena MINISO,3990
10246.jpg,2011887712106,Kit De Pintura Happy Family Cerdito Miniso,3990
10248.jpg,2011887911103,Cuaderno Liso De Espiral MINISO Cian,3490
10255.jpg,2011928610101,Soporte De Celular En Forma De C Para Apple Watch 2 En 1 MINISO Gris,2443
10273.jpg,2011445410109,Set De Vasos Portatil Coloridas MINISO Plástico 6 Piezas,3990
10274.jpg,2011445510106,Set De Platos Portatil Colorido MINISO 6 piezas,3990
10293.jpg,2011611811105,Organizador De Plastico Transparent Series Transparente S MINISO,1990
10372.jpg,0700039072,Brasier Adhesivo Invisible Negro Miniso Negros 8 cm 2 Pares,2093
10374.jpg,2007742810100,Hilo Denta De Menta Limpieza Profunda Miniso 3 Piezas,2490
10380.jpg,2010665111100,Sarten De Panda We Bare Bears Collection 4.0 12 In-Wbb We Bare Bears Panda Sintético Gris 27x13 cm,4490
10394.jpg,2011557412107,Cortante Milk Tea Series Conejo MILK TEA SERIES Conejo Sintético Rosa,1290
10405.jpg,2011611810108,Organizador De Plástico Transparent Series Miniso Gris S,1990
10409.jpg,2011620610102,Set De Ajedres Blanco Y Negro Miniso 24 piezas,6990
10418.jpg,2011757012107,Cuaderno Stitch Bound A5 School Season Series Yoga De Perro  SCHOOL SEASON 40 Hojas,990
10438.jpg,2011885211106,Vaso De Plástico Con Bombilla Y Tapa De Pico We Bare Bears Collection We Bare Bears Polar Plástico 450 ml,6990
10440.jpg,2011885310106,Vaso De Plástico Con Bombilla Y Tapa De Pico We Bare Bears Collection We Bare Bears Polar Plástico 650 ml,8990
10441.jpg,2011885311103,Vaso De Plástico Con Bombilla Y Tapa De Pico GRIZZLY We Bare Bears 650 ml,7990
10442.jpg,2011885312100,Vaso De Plástico Con Bombilla Y Tapa De Pico We Bare Bears Collection We Bare Bears Panda Plástico 650 ml,7990
10471.jpg,2011595210109,Toallas Humedas Anchas Super Mini Cool 8 Pzas X 8 Paquetes 14x15 cm Aloe Vera 64 Piezas,2990
10486.jpg,2011957610103,Kit De Accesorios Para Airpodes Estuche  Protector Rosa Silicona Rosa 6x6 cm,2990
10487.jpg,2011957710100,Kit De Accesorios Para Airpodes Estuche  Protector Azul Silicona Verde Aqua 6x6 cm,2990
10491.jpg,2011959410107,Blind Box Winnie The Pooh Temporada De Lluvia Disney,10493
105.jpg,0200024688,Esmalte Para Uñas Cereza  15 ml,1990
10515.jpg,2011919510106,Blind Box Ensamblado De Huevo De Dinosaurio  Miniso,6990
10533.jpg,2011629410109,Cotonetes De Algodon Premium Ecologicos Con Palitos De Papel 500 Pzas Miniso Algodón 500 Piezas,3490
10539.jpg,2011819510107,Servilletero En Forma Miniso Taza De Café Aluminio Negro 14x4x10 cm,2589
1057.jpg,2007059610103,Soporte Para Celular De Auto Negro MINISO,3990
10580.jpg,2010921210103,Tapete Decorativo De Letras Miniso Decorativo Sintético Gris 60x40 cm,4193
10586.jpg,2010930810103,Paquete De Almohadillas De Algodon Con Bordes Prensados 150Pzas Miniso Skincare 6x8 cm 150 Piezas,3690
106.jpg,0200024689,Esmalte Para Uñas Rosa Metalico  15 ml,1393
1062.jpg,2007060111101,Goma De Limpieza Miniso Gel Multicolor Para Equipos De Computo,1743
10660.jpg,2011885510100,Botella De Plastico De Agua Fria De Gran Capacidad Con Bombilla Y Asa Miniso Plástico Rosa 1.85 L,5990
10664.jpg,2011918210106,Cubo Magico Basico Miniso Plástico 6x6 cm,3990
10668.jpg,2011934911100,Cuaderno De Tapa Dura A5 Progreso Continuo 96 Hojas Miniso Rayas 20.3x15.2 cm 96 Hojas,4990
10680.jpg,2011954310105,Cojin De Shiba Inu Cartoon Series Miniso Shiba Inu Tipo Banco Felpa Café,14990
10746.jpg,2010859711109,Esmalte Para Uñas De Base De Aceite  MINISO Naranja 8.5 ml,995
10760.jpg,2010929613104,Pluma Borrable 0.7 Mm  MINISO Tinta Amarilla 0.7 mm,495
10763.jpg,2010931410104,Cotonetes De Bambu Puntas Puntiagudas Y En Espiral MINISO Bambú 500 Piezas,2990
10771.jpg,2011445211102,Organizador De Tela De Color Solido  MINISO Plegable Textil Azul 27x27x27 cm,3490
108.jpg,0200024697,Esmalte Para Uñas Mora  15 ml,1393
10807.jpg,2011963110109,Toallas Desmaquillantes Micelares MINISO 15x20 cm 2 Piezas,2793
10816.jpg,2011964120107,Esmalte Para Uñas A Base De Aceite Color Me  MINISO Lavender 14 ml,995
10829.jpg,2011982110104,Toallas De Limpieza De Rayas Onduladas  MINISO Gris, Azul, Rosa 30x30 cm 3 Piezas,1990
10856.jpg,2010435810103,Lima Para Uñas Profesional 2 Pzas 10X7X2.8CM,1393
10887.jpg,2011445210105,Organizador Plegable Rosa 27x27x27 cm,3490
10891.jpg,2011564910108,Organizador Retráctil 23.4x9.7x5.7 cm,1490
10895.jpg,2011609112108,Gel Exfoliante Facial,3690
109.jpg,0200024698,Esmalte Para Uñas Rosa Metalico  14 ml,1990
10905.jpg,2011885410103,Cilindro We Bare Bears Panda Plástico Rosa 520 ml,6490
10942.jpg,2011935810105,Rodillo Facial Jade Rosa 14 cm,7490
10978.jpg,2011982310108,Paquete De Ganchos Para Ropa Antideslizantes Sintéticos Negros 10 Piezas,6990
10988.jpg,2012196510100,Contenedor De Alimentos Plástico Blanco 900 ml,3493
10989.jpg,2012196511107,Contenedor De Alimentos Plástico Negro 900 ml,5990
11026.jpg,2012154311107,Kit De Maquillaje 5 En 1 Color Me T.01,8990
11028.jpg,2012194110104,Base De Maquillaje Liquida Color Me Tono 03,3493
11069.jpg,2012117610100,Sombrero Bucket Tropical Pastel - Passion Island Unitalla,4893
11080.jpg,2012194413106,Esmalte Para Uñas Color Me Naked 14 ml,1990
11126.jpg,2011957810107,Adaptador Usb 4 Puertos,1797
11139.jpg,2012156510102,Soporte Trípode Para Tableta Y Celular De Escritorio Plástico,2990
11187.jpg,2012194419108,Esmalte Para Uñas Color Me Borgoña 14 ml,1990
11252.jpg,2012129110100,Perfume Para Mujer MINISO,8990
11274.jpg,2012210610106,Kit De Costura Con Estuche 113 Piezas,3490
11313.jpg,2012316610109,Libreta MINISO,1995
11364.jpg,2011954010104,Molde Para Cubos De Hielo Plástico Blanco,1490
11491.jpg,2010686510104,Lámpara de Proyección Sunset - Tonos del Atardecer,7190
11580.jpg,2012251112102,Soporte Para Celular Tipo Anillo Metálico Dorado,1495
11581.jpg,2012251210105,Soporte Redondo Para Celular Tipo Anillo Metálico Negro,2990
11582.jpg,2012251212109,Soporte Redondo Para Celular Tipo Anillo Metálico Golden Rose,2990
11671.jpg,2010492410100,Paquete De Toallitas Húmedas 8 Piezas,2990
11684.jpg,2011528010103,Pluma Dinosaurio Tinta Azul 0.5 mm,1290
11685.jpg,2011528011100,Pluma Pingüino Tinta Azul 0.5 mm,1290
11689.jpg,2011557510100,Libreta De Espiral Oso Dibujo Verde 80 Hojas,2490
11690.jpg,2011557512104,Libreta De Espiral Gato Dibujo Café 80 Hojas,2490
11693.jpg,2011960410103,Tarjeta De Felicitación Toy Story Lotso Disney Rosa,1197
11726.jpg,2012211810109,Perfume Para Hombre Classic Energy 50 ml,3990
11728.jpg,2012212010102,Perfume Para Mujer Magnificient Life 50 ml,6990
11731.jpg,2012212610104,Perfume Para Mujer Crystal Crown 50 ml,6990
11762.jpg,2012315010108,Cañón Lanza Confeti Plástico,995
11773.jpg,2012501210107,Mascarilla Facial Hidratante 25 ml Nicotinamida,2490
11778.jpg,2012515410104,Kit Brochas De Maquillaje Negras 10.5 cm 5 Piezas,3490
118.jpg,0200026781,Paquete De Almohadillas De Algodon Blanco Faciales De Algodón 240 Piezas,2490
11815.jpg,2012368911100,Peluche Miniso Cerdito Con Capucha De Koala Felpa,9990
11865.jpg,2012251211102,Soporte Redondo Para Celular Tipo Anillo Metálico Dorado 3.6 cm,2990
11866.jpg,2012308610100,Masajeador Corporal Plástico,1743
11879.jpg,2012509910108,Set Tines Para Hombre Antibacteriales Azules 25-27 3 Pares,3990
11908.jpg,2011930110101,Cargador Inalámbrico De Escritorio Sintético Blanco,8490
11910.jpg,2012084812101,Organizador Plegable Textil Rosa,3490
11918.jpg,2012155610100,Audífonos Inalámbricos Con Estuche De Carga TWS Negros,17990
11919.jpg,2012155611107,Audífonos Inalámbricos Con Estuche De Carga TWS Blancos,17990
11921.jpg,2012157310107,Tónico Facial Hidratante 120 ml Ácido Hialurónico,4893
11931.jpg,2012198710102,Perfume Para Mujer Botanicals 100 ml,5990
11941.jpg,2012251110108,Soporte Para Celular Tipo Anillo Metálico Plateado,2990
12002.jpg,2012451510104,Limpiador Facial Hidratante 100 gr Niacinamida,5990
12011.jpg,2012498510105,Perfume Para Mujer Rose Crystal 50 ml,8990
12037.jpg,2012551413107,Juego De Arcillas Pingüino 7 Piezas,2793
12039.jpg,2012557510107,Pluma Con Tapa Verde Tinta Negra Eco Friendly,495
12040.jpg,2012557511104,Pluma Con Tapa Amarilla Tinta Negra Eco Friendly,495
12041.jpg,2012557512101,Pluma Con Tapa Rosa Tinta Negra Eco Friendly,495
12044.jpg,2012592910108,Organizador We Bare Bears Plegable 100% Poliéster Azul 58x58x15 cm,14990
12053.jpg,2012681111102,Cinta Adhesiva Para Busto Push Up 97% Algodón, 3% Elastano Beige,3990
12092.jpg,2013018911105,Mica Protectora Para Iphone 14 HD Vidrio Templado,990
12123.jpg,2011557511107,Libreta De Espiral Conejo Dibujo Rosa 80 Hojas,2490
12130.jpg,2012297010103,Paquete Cepillos Interdentales 6 Piezas,2990
12135.jpg,2012315110105,Agenda De Espiral AGO2022-DIC2023 112 Hojas,4495
12162.jpg,2012435810107,Crema Facial Hidratante 50 gr Retinol,5243
12163.jpg,2012435910104,Esencia Hidratante 30 ml Retinol,6490
12165.jpg,2012436210104,Crema Para Contorno De Ojos 30 gr Retinol,4990
12173.jpg,2012451210103,Crema Facial Hidratante 50 gr Niacinamida,7490
12174.jpg,2012451410107,Tónico Facial Hidratante 110 ml Niacinamida,6990
12177.jpg,2012451910102,Esencia Hidratante 28 ml Niacinamida,6490
12231.jpg,2012786210106,Jabonera Tortuga Plástico,1990
12237.jpg,2012824610103,Rompecabezas Pizza 500 Piezas,6990
12247.jpg,2012847511104,Funda Protectora Para Airpods We Bare Bears Polar Miniso,2990
12248.jpg,2012847512101,Funda Protectora Para Airpods We Bare Bears Panda Miniso,2093
12250.jpg,2012860510108,Paquete Toallitas Húmedas Fresa 80 Piezas,2990
12253.jpg,2012869111108,Cojín Para Asiento Cat Gris,9990
12379.jpg,2012380612108,Cartera Larga Para Mujer Negra,6993
124.jpg,0200027143,Esmalte Para Uñas Rosa Palido 15Ml  Para Uñas Nail Polish 15 ml,1393
12401.jpg,2012436811103,Soporte Para Celular Magnético Automóvil Metálico Plateado,3490
1241.jpg,2007142810106,Ligas Para Cabello Colorful 150 Pzs,1490
12424.jpg,2012507910100,Peluche Disney Winnie Pooh Felpa Rosa,14990
12442.jpg,2012692810100,Paquete Toallitas Húmedas We Bare Bears 30 Piezas,2093
12472.jpg,2012841012102,Kit Para Mascarillas We Bare Bears Pardo Plástico Café 5 Piezas,3490
12478.jpg,2012869211105,Toalla Facial We Bare Bears Pardo Verde,3990
125.jpg,0200027144,Esmalte Para Uñas Verde  15 ml,1990
12507.jpg,2013098410109,Paquete de Pañuelos Faciales Desechables SAKURA BLOSSOM chico 18 Piezas,2490
12509.jpg,2013121310109,Cesta De Almacenamiento Con Tapa Blanca,2490
12525.jpg,2012269410108,Paquete Hilos Dentales En Arco Desechables Carbón De Bambú 150 Piezas,4990
12559.jpg,2012704410106,Paquete Almohadillas Faciales Doble Cara 100% Algodón 225 Piezas,3990
12560.jpg,2012709910106,Funda Deportiva Para Brazo 83% Poliéster, 17% Elastano Rosa Con Gris,2495
12575.jpg,2012775411101,Set Marcadores Fluorescentes 2.0 mm 3 Piezas,2990
12583.jpg,2012785010103,Cargador De Automóvil USB Y Tipo C Metálico Plateado,6490
12584.jpg,2012785011100,Cargador De Automóvil USB Y Tipo C Metálico Negro,6490
12612.jpg,2012846211104,Mascarilla Facial Nutritiva Unicorn Dream Azul 22 ml,1490
12613.jpg,2012846310104,Mascarillas Para Pies Unicorn Dream 30 ml,1990
12614.jpg,2012846311101,Mascarillas Para Manos Unicorn Dream 26 ml,1990
12636.jpg,2013019110101,Mica para iPhone 14 Pro Vidrio,990
12648.jpg,2013122010107,Organizador De Escritorio Con Secciones Plástico Blanco,1990
12658.jpg,2013166710100,Cepillo Para Cabello Sintético,2990
12690.jpg,2008626310105,Paquete De Mini Ligas Para Cabello 50 Pzs - Miniso - Mix De Colores MINISO,1990
12695.jpg,2010139310107,Banda Elastica De Color Con Raya Plana De Dos Colores 8 Pzas MINISO,1043
12712.jpg,2011564710104,Pistola de Agua Mini - Diseños Mixtos MINISO,1990
12717.jpg,2011619211105,Globo 3D Con Forma De Animal Grande Jirafa MINISO,2793
12718.jpg,2011619810100,Pistola De Agua Con Una Boquilla Con Luz MINISO,3495
12732.jpg,2011857510107,Auto Dinosaurio con Tracción Verde/ Rojo/ Azul MINISO,3990
1274.jpg,2007156110100,Soporte Para Celular Plegable De Escritorio Oro Rosa,4990
12744.jpg,2011955210107,Baterias Alcalina Aa Azul 20 Pzas MINISO,6990
1276.jpg,2007156112104,Soporte Para Celular Plegable De Escritorio Plateado,4990
12760.jpg,2012113010102,Cuerda De Salto Ligera 2800 Mm Miniso Sports MINISO,3990
1278.jpg,2007156211104,Soporte Para Celular De Escritorio - Gris Oscuro,3990
1279.jpg,2007156212101,Soporte Para Celular De Escritorio Plateado,3990
12797.jpg,2012253010109,Iman Para Refrigerador Letters Series De Caricatura MINISO,645
12847.jpg,2012661910107,Set Para Jugar Conjunto De Pintura De Numeros De La Serie De Bricolaje 54 Cm 3 Modelos Variados  MINISO,6990
12855.jpg,0200408341,Botella De Viaje Con Dispensador De Mousse 60 ml,1290
12857.jpg,1000022981,Paquete De Tines Para Hombre Azul, Negro, Blanco 3 Piezas,3143
12867.jpg,2010660011108,Mouse Pad We Bare Bears Polar Azul,1990
12896.jpg,2012293310108,Paquete Bandas Nasales Para Hombre Barro Volcánico 10 Piezas,2990
12904.jpg,2012384311106,Pelota Hopper Infantil Rosa 110 kg,9990
12962.jpg,2012655210107,Set Plumas Ecológicas 1.0 mm 4 Piezas,1745
12963.jpg,2012655410101,Set Plumas Ecológicas 1.0 mm 4 Piezas,1645
12994.jpg,2012709911103,Funda Deportiva Para Brazo Verde Menta Con Gris,3493
12995.jpg,2012709912100,Funda Deportiva Para Brazo Gris,2495
12997.jpg,2012725110108,Estuche Portátil De Juguete Botiquín Medico 21 Piezas Diseño Donut Azul,10493
13.jpg,0100026981,Pilas Alcalina Aa Negro 10Pzas MINISO Alcalinas 10 Piezas,747
13026.jpg,2012822111107,Peluche We Bare Bears Panda Con Inflable,14990
13067.jpg,2012941210101,Peluche Botellita De Ketchup Rojo,7990
13076.jpg,2012993610102,Lámpara De Proyección Miniso Atardecer Plástico Negra 26.5x11.5 cm,6990
13104.jpg,2013101210108,Set Tines Para Hombre 6 Pares,3290
13105.jpg,2013101510109,Set Tines Para Mujer 6 Pares,2990
13120.jpg,2013174711106,Set Tines Para Mujer Tipo Protector Blancos 3 Pares,2290
13128.jpg,2013205110106,Set Tines Para Hombre Tipo Protector Blanco, Gris Y Azul 3 Pares,2093
13135.jpg,2013254510100,Pestañas Postizas 02 Naturales Negras,1990
13139.jpg,2013315510100,Botella De Viaje Con Dispensador De Bomba Azul 60 ml,1393
13140.jpg,2013315511107,Botella De Viaje Con Dispensador De Bomba Rosa 60 ml,1393
13162.jpg,2011885512104,Cilindro Con Bombilla Plástico Negro 1.85L Miniso,5990
13181.jpg,2010923511109,Botella Con Tapa Miniso  Violeta Vidrio 300 Ml Miniso,3590
13191.jpg,2010923512106,Botella Con Tapa Miniso  Gris Vidrio 300 Ml Miniso,3490
13207.jpg,2013358010100,Cilindro De Vidrio We Bare Bears Collection 600 Ml Grizz We Bare Bears Pardo Vidrio 600 ml,3990
13210.jpg,2011524812107,Correa Para Perro Miniso 100% Poliéster Rosa 1.5 m,4990
13263.jpg,2011524810103,Correa Para Perro Miniso 100% Poliéster Verde 1.5 m,4990
13281.jpg,2011524511109,Correa Para Perro Miniso,1995
13282.jpg,2011524512106,Correa Para Perro Miniso,1995
13326.jpg,2006868210108,Paquete Cepillos De Dientes Miniso 3 Piezas,2290
13352.jpg,2012293811100,Cilindro Miniso Deportivo Plástico 550 ml,4990
13442.jpg,2012666210103,Paquete Almohadillas De Algodón Miniso Faciales 100% Algodón 270 Piezas,2990
13549.jpg,2013072210107,Soporte De Celular Miniso Para Moto Sintético,5990
13572.jpg,2013124810101,Audífonos Inalámbricos Miniso Con estuche De Carga,9990
13573.jpg,2013124812105,Audífonos Inalámbricos Miniso Con estuche De Carga,9990
13574.jpg,2013124813102,Audífonos Inalámbricos Miniso Con estuche De Carga,9990
13575.jpg,2013132910107,Cilindro Miniso Conejita Bun Bun Mini Family Plástico 1 L,2990
13581.jpg,2013166711107,Cepillo Para Cabello Miniso Diseño Estrellas Movibles Sintético,1743
13584.jpg,2013173410109,Cable De Carga Y Datos Miniso USB A Micro USB,1197
13611.jpg,2013242812100,Vaso Con Tapa Y Bombilla We Bare Bears Polar Doble Capa Plástico 420 ml,6990
13626.jpg,2013289710100,Cortador De Cutícula Miniso Acero Inoxidable,4990
13628.jpg,2013295010102,Vaso Con Tapa Y Popote Disney Mickey Mouse Doble Capa Plástico 420 ml,6990
13646.jpg,2013315110102,Botella De Viaje Miniso Plástico 100 ml,903
13649.jpg,2013342210103,Cepillo Desenredante Para Cabello Miniso Sintético Rosa,2990
13650.jpg,2013342211100,Cepillo Desenredante Para Cabello Miniso Sintético Verde,2990
13699.jpg,2013403210103,Paquete De Plumones Miniso 18 Piezas,7990
137.jpg,0200027684,Almohadillas Quita Esmalte Con Fragancia de Sandia 48 Piezas,2990
13725.jpg,2007571810104,Set De Cepillo Dental Para Niños Miniso León Amarillo 2 Piezas,1990
13726.jpg,2007845310101,Paquete de Pañuelos Desechables FOREST FAMILY chico Miniso 18 Piezas,2990
13740.jpg,2010660010101,Mouse Pad We Bare Bears Pardo Verde,1990
13742.jpg,2010869011107,Impermeable Para Adulto Miniso Amarillo,7990
13744.jpg,2010877610101,Bandeja De Drenaje Miniso Plástico Blanca,2990
13745.jpg,2010932910108,Brocha Para Base Miniso Maquillaje Negra,3990
13747.jpg,2011618710104,Set Cepillo De Dientes Miniso Multicolores 6 Piezas,2490
13749.jpg,2012129610105,Spray Facial Miniso Hidratante 150 ml Aloe Vera,2990
13756.jpg,2012296317104,Esmalte Para Uñas Miniso Top Coat Transparente 8.5 ml,995
13759.jpg,2012296322108,Esmalte Para Uñas Miniso Bright Pink Rosa 8.5 ml,1393
13761.jpg,2012296415107,Esmalte Para Uñas Miniso Metallic Pink 8.5 ml,995
13783.jpg,2012704510103,Paquete Almohadillas Faciales Miniso 600 Piezas,2793
13787.jpg,2012728810104,Paquete Cepillos Interdentales Miniso 0.8 mm 42 Piezas,2990
13788.jpg,2012786110109,Dispensador De Pasta Dental Con Portacepillos Miniso,2990
13789.jpg,2012787510106,Set Paños De Limpieza Miniso 6 Piezas,1743
13796.jpg,2012865210102,Toallitas Secas Para Bebe Miniso Extra Gruesas 50 Piezas,2093
13801.jpg,2012983810109,Pestañas Postizas 02 Miniso Volumen Negras,1990
13804.jpg,2012984210106,Pestañas Postizas 01 Miniso Naturales Negras,1990
13805.jpg,2012984211103,Pestañas Postizas 05 Miniso Naturales Negras,1393
13806.jpg,2012984212100,Pestañas Postizas 04 Miniso Naturales Negras,1990
13807.jpg,2012984213107,Pestañas Postizas 02 Miniso Naturales Negras,1393
13808.jpg,2012984214104,Pestañas Postizas 03 Miniso Naturales Negras,1393
13810.jpg,2013016210101,Set Limas Para Uñas Miniso Sparkling Star 4 Piezas,1990
13812.jpg,2013066810108,Set Esponjas De Maquillaje Miniso 3 Piezas,3990
13813.jpg,2013086710105,Set Almohadillas Desmaquillantes Sakura Blossom Miniso Reutilizables Rosas 2 Piezas,1990
13834.jpg,2013200710103,Cepillo Para Cabello Miniso Sparkling Star Sintético Golden Rose,5990
13840.jpg,2013204410108,Aplicador De Pestañas Miniso Sparkling Star Golden Rose,1990
13848.jpg,2013246210100,Tendedero Colgante Miniso Plegable Sintético Gris 12 Pinzas,1790
13850.jpg,2013289810107,Kit De Manicure Miniso Profesional Acero Inoxidable 2 Piezas,1990
13853.jpg,2013312210102,Cepillo Para Cabello Disney Blanca Nieves Con Glitters Movibles Sintético Rosa,4990
13854.jpg,2013312211109,Cepillo Para Cabello Disney Bella Con Glitters Movibles Sintético Amarillo,2793
13855.jpg,2013315010105,Botella De Viaje Miniso Plástico 50 ml,903
13856.jpg,2013315310106,Botella De Viaje Miniso Plástico 30 ml,1290
13858.jpg,2013319510106,Crema Para Manos Miniso Hidratante 50 gr Granada,990
13863.jpg,2013319812101,Crema Para Manos Hidratante Miniso Floral Fragance Series 50 gr Sakura,1990
13864.jpg,2013319813108,Crema Para Manos Hidratante Miniso Floral Fragance Series 50 gr Manzanilla,1990
13865.jpg,2013320010107,Crema Para Manos Miniso Hidratante 50 gr Fresia,990
13868.jpg,2013342910102,Kit Botellas De Viaje Miniso Plástico 8 Piezas,4590
13877.jpg,2013362710102,Paquete De Ganchos Adhesivos Miniso Sintéticos Blancos 1 kg 5 Piezas,1490
13881.jpg,2013396310101,Manta Con Capucha We Bare Bears Polar Textil Azul,7990
13882.jpg,2013396312105,Manta Con Capucha We Bare Bears Panda Textil Rosa,5990
13904.jpg,2009936511107,Audífonos De Cable Miniso Comando Manos Libres Negros 3.5 mm,3990
13905.jpg,2009936512104,Audífonos De Cable Miniso Comando Manos Libres Rosas 3.5 mm,3990
13915.jpg,2012111410102,Mascarilla Facial Miniso Peel Off 8 gr Carbón Activado,1490
13917.jpg,2012111610106,Mascarilla Facial Nocturna Miniso Liquida 8 gr Rosas,1490
13919.jpg,2012111910107,Mascarilla Facial Nocturna Miniso Liquida 8 gr Magma y Agua De Mar,745
13927.jpg,2012259610105,Peluche Miniso Corderito Rosa,6990
13952.jpg,2012495411108,Libreta Miniso Smiley World Azul Rayas 48 Hojas,1995
13999.jpg,2013101410102,Set Tines Para Hombre Miniso Blancos, Negros, Azules 3 Pares,2093
14.jpg,0100026991,Pilas Alcalina Aaa Negro 10Pzas MINISO De Zinc-Carbono 10 Piezas,747
14001.jpg,2013124811108,Audífonos Inalámbricos Miniso Con estuche De Carga Verdes TWS,4995
14002.jpg,2013124814109,Audífonos Inalámbricos Miniso Con estuche De Carga Rosa TWS,9990
14057.jpg,2013255710103,Masajeador Facial Eléctrico Miniso En Forma De V Con Rodillos Giratorios Golden Rose,2995
14087.jpg,2013319910104,Crema Para Manos Miniso Hidratante 50 gr Esencia Sakura,990
14099.jpg,2013342610101,Cortaúñas Miniso De Precisión Para Pies,2793
14100.jpg,2013343010108,Kit Botellas De Viaje Miniso Transparentes 6 Piezas,1990
14134.jpg,2013386910106,Cepillo Para Cabello Disney Minnie Mouse Rosa,2990
14141.jpg,2013396411105,Manta Con Capucha We Bare Bears Pardo Café,7990
14182.jpg,2013491210108,Cepillo Masajeador Para Cabeza Miniso Sparkling Star Golden Rose,2990
142.jpg,0200029901,Cotonetes En Bolsa Blanco 800 Piezas,2490
14203.jpg,2013520310106,Set De Cortaúñas Miniso Conejito Con Estuche Rosas 2 Piezas,1990
14302.jpg,2013655610102,Correa Para Mascota Miniso Durazno,2793
14331.jpg,2013687110106,Paquete De Cotonetes Miniso Doble Cabeza 200 Piezas,2990
14335.jpg,2013690213108,Contenedor De Alimentos Miniso En Forma Rectangular Con Cubiertos Rosa 1200 ml,4990
14418.jpg,2012662010103,Set Para Jugar Conjunto De Pintura De Numeros De La Serie De Bricolaje De 20 Cm MINISO,3495
14436.jpg,2013395710100,Pluma De Gel Da528 De 0 5 Mm Caja Individual Miniso MINISO,1990
14470.jpg,2012678510109,Paquete Pañuelos Desechables Disney Buzz &amp; Sulley,990
14479.jpg,2013301410100,Set Broches Para Cabello Miniso Rectangulares Negros 8 Piezas,693
14483.jpg,2013386310104,Masajeador Para Cabeza Miniso,1393
14490.jpg,2013396410108,Manta Con Capucha We Bare Bears Panda Gris,7990
14494.jpg,2013480310109,Cepillo Para Ducha Miniso Cat Paw,2990
14504.jpg,2013600011107,Peine Para Cabello Miniso Cat Amarillo,990
14527.jpg,2013686910103,Paquete De Cotonetes Miniso Doble Cabeza Negros 200 Piezas,1990
14528.jpg,2013687210103,Paquete De Cotonetes Miniso Doble Cabeza 200 Piezas,1990
14569.jpg,0180682781,Caja De Almacenamiento Hello Kitty - Sanrio Sanrio Hello Kitty,3990
14677.jpg,2008903910103,Adorno Sorpresa My Melody Tea Party- Sanrio Sanrio My Melody,14990
14683.jpg,2010023510101,Organizador De Plastico Carita Cinnamoroll Sanrio,4490
14684.jpg,2010026110100,Espejo Portátil Sanrio Hello Kitty 9x7.7 cm,2990
14688.jpg,2010507510108,Cepillo De Cabello Portatil Para Desenredar My Melody Sanrio My Melody,2990
14692.jpg,2010675410101,Estante Plegable Para Escritorio My Melody- Sanrio Sanrio My Melody,5490
14705.jpg,2012116710108,Llavero My Melody Luminoso Daruma  Sanrio My Melody,4990
14706.jpg,2012116810105,Llavero De Bolsa Kuromi Luminoso Daruma Sanrio Kuromi,3990
14721.jpg,2012454910109,Adorno Sopresa De Personajes De Childish Heart Wooden Horse Series Figura Modelo Sanrio,19990
14736.jpg,2012592710104,Organizador De Joyas Bicolor Minimalista Azul Y Blanco  Miniso,8990
14786.jpg,2012890510109,Quita Pelusa Melody Rosa Sanrio My Melody,8990
14825.jpg,2013314911106,Botella De Viaje Lotion Azul 100 Ml Miniso 100 ml,645
14827.jpg,2013315410103,Botella De Viaje De Plastico Transparente 50G Miniso 50 ml,1290
14828.jpg,2013315610107,Botella De Viaje De Plastico Transparente 30G Miniso 30 ml,1290
14842.jpg,2013343110105,Set De Botellas De Viaje Azul 11Pzas Miniso 11 Piezas,5990
14845.jpg,2013343610100,Botella De Viaje Lotion 10 Ml Miniso 10 ml,1813
14846.jpg,2013343810104,Frasco Para Viaje De Cuatro Niveles Transparente 40G Miniso 4 Piezas,1813
14853.jpg,2013373510104,Protector De Pie Para Hombre Miniso Beige 3 Pares Miniso 3 Pares,2793
14908.jpg,2013592710101,Cepillo De Ducha De Mango Largo Simple Miniso Mango Largo,2990
14909.jpg,2013592810108,Cepillo De Ducha Con Mango Largo De Carbón De Bambú Miniso Mango Largo,2990
14964.jpg,70200032351,Cortauñas Hello Kitty 2 Pzas - Sanrio Sanrio Hello Kitty 2 Piezas,2990
15.jpg,0100027961,Pilas Alcalina Aa Multicolor 8Pzas MINISO Alcalinas Varios Colores 8 Piezas,747
151.jpg,0200032731,Set De Botellas De Viaje De Plástico 5 Piezas - Rosa, Gris o Negro,2990
152.jpg,0200034191,Paquete De Afeitadoras Para Mujer De 3 Hojas Rosa 5Pzas,2490
15238.jpg,2007571910101,Set De Cepillo Dental Para Niños Miniso Koala Azul 2 Piezas,1990
15276.jpg,2011936310109,Esencia Facial Miniso 30 ml Té Verde,4990
15278.jpg,2012111110101,Paquete Mascarillas Nasales Miniso Puntos Negros Acido Lactobiónico 5 Piezas,2990
15282.jpg,2012130010109,Crema Facial Miniso Hidratante 50 gr Aloe Vera,2990
15314.jpg,2012321213104,Mascarilla Facial Miniso Hidratante 25 ml Limón,990
15338.jpg,2012512711105,Mascarilla Facial Miniso Hidratante 25 ml Lavanda,990
15362.jpg,2012637210101,Set Tubos Para Cabello Miniso Autoadherentes Sintéticos Rosas 6.5x6.5 cm 6 Piezas,2443
15431.jpg,2013004811105,Lápiz Delineador Con Cepillo Para Cejas Miniso Chopper Negro 0.18 gr,2990
15488.jpg,2013167710109,Cepillo Para Cabello Miniso Sakura Blossom Sintético Transparente 18.2 cm,2490
1549.jpg,2007469810100,Contenedor Para Viaje Con Dispensador, 15 ml,1043
15491.jpg,2013174812100,Set Tines Para Mujer Miniso Tipo Protectores 97% Poliéster, 3% Elastano 23-25 3 Pares,1990
15524.jpg,2013319611100,Crema Para Manos Miniso Energy Of Fruits 50 gr Kiwi,990
15527.jpg,2013319614101,Crema Para Manos Miniso Energy Of Fruits 50 gr Limón,990
15582.jpg,2013488310101,Almohada De Viaje Miniso Con Bordes Levantados Memory Foam Rosa 24x27 cm,6990
15623.jpg,2013637411109,Manta Miniso Estampado Floral Cool Vibe 100% Poliéster Azul 152x127 cm,7990
15644.jpg,2013713510108,Perfume Para Mujer Miniso Pumpkin Carriage 20 ml,2990
15645.jpg,2013713511105,Perfume Para Mujer Miniso Let It Snow 20 ml,2990
1565.jpg,2007489010108,Set de Desarmadores Coloridos 5 piezas,2990
15657.jpg,2013721312107,Cartera Larga Para Mujer Miniso Con Monedero Sintética Negra 19x11x2 cm,3995
1566.jpg,2007489110105,Portacepillos + Vaso, 380 ml, Podras Recibir Alguno De Los Productos En Las Imágenes Según Stock,1043
157.jpg,0200034581,Locion Para Hombre Leisure Men 40Ml, Notas de Salida: Bergamota, Limón, Pomelo, Nuez,6990
15747.jpg,2013861410107,Set Hojas Absorbentes Miniso Grasa Facial Coco 2 Piezas,1990
1578.jpg,2007499410103,Paquete De Almohadillas En Caja 1000 Pzs,2990
15898.jpg,2014255810107,Paquete Pañuelos Desechables Miniso Dinosaurios 100% Pulpa De Madera 20x20 cm 12 Piezas,1990
15899.jpg,2014256610102,Paquete Almohadillas Miniso Doble Cara 100% Algodón 100 Piezas,1990
15932.jpg,2013687310100,Paquete De Cotonetes Doble Cabeza 100% Algodón Azules 200 Piezas,3990
15968.jpg,2010087710103,Mascarilla Facial Para Control De Aceite Miniso 200 gr Aloe Vera,2990
15969.jpg,2010182815109,Esmalte Para Uñas Miniso Morado 11 ml,1990
15973.jpg,2013367010108,Perfume Para Mujer Miniso Hope 25 ml,3990
15987.jpg,2013862210102,Toallitas Húmedas Miniso Refrescantes Menta o Durazno 20 Piezas,1990
15989.jpg,2013887210101,Esponja De Baño Disney Mickey Mouse Tipo Guante 100% Poliéster Beige,2990
16006.jpg,2014143811100,Mascarilla Facial Miniso Hidratante 25 ml Algas,990
16011.jpg,2014409210104,Botella De Viaje Miniso Panda Con Tapa Abatible Plástico 30 ml,990
16032.jpg,2014477210105,Bomba De Baño Miniso Perfumada Nube De Ensueño,2990
1605.jpg,2007633610109,Burbujas Miniso En Tubo Rojo 118 ml,995
16065.jpg,2012685910107,Set Vehículos De Juguete Miniso Bomberos Sintéticos 3 Piezas,10493
16077.jpg,2013457910103,Set Gomas De Borrar Miniso Mint Green 2 Piezas,1990
1613.jpg,2007643610106,Toalla Para Cabello Tipo Gorra Panda,3990
16189.jpg,2014409010100,Botella De Viaje Con Dosificador Miniso Gatito Animal Faces Plástico 30 ml,990
16266.jpg,2013546911103,Funda Deportiva Para Brazo Miniso 83% Poliéster, 17% Elastano Verde Aqua,2495
16271.jpg,2013550912103,Almohada De Viaje Miniso Con Borde Levantado Memory Foam Rosa,6990
1630.jpg,2007645211103,BOTELLA DE VIAJE AZUL CON DISPENSADOR - 100 ML MINISO,1990
16377.jpg,2014091912102,Peluche Miniso Pájaro Felpa Verde,14990
16436.jpg,2014412010104,Monedero Distroller Neonato Nave Espacial Sintético Rosa,3990
1645.jpg,2007647810106,Set  De Lapices Con Goma En Forma De Palomitas 10 Pzs Con Goma Forma De Palomitas, 10 Piezas,2490
16482.jpg,2013880410102,Set Folders Miniso Guji Guji Sintéticos Azules 2 Piezas,995
1654.jpg,2007649010108,Peluche Tortuga Pequeño Miniso,14990
1678.jpg,2007658910109,Pistola De Juguete Bala Suave Mode S038 Naranja Azul Miniso,3495
1680.jpg,2007663410106,Paquete de Pañuelos Desechables GATITOS grande Miniso 3 Piezas,2490
1730.jpg,2007690710101,Balsamo De Labios Aloe Mint - Soft,2093
1750.jpg,2007732210101,Lapices De Colores Duo 12 Pzs - Manga,3990
1752.jpg,2007739010100,Set De Cremas Para Manos Fresapalta Limon 3 Pzs 20 G  - We Bare Bears We Bare Bears,2990
1774.jpg,2007774210107,Pingüino De Peluche Miniso,6993
1791.jpg,2007796411100,Difusor De Aroma 3D Peach,2490
1792.jpg,2007796412107,Difusor De Aroma 3D Bahamian Breeze,2490
1793.jpg,2007796413104,Difusor De Aroma 3D Peony,2490
1829.jpg,2007813410109,Delineador Para Ojos En Gel Negro,2990
1879.jpg,2007869210104,Set De Desarmadores Amarillo 37 Pzs,3990
1880.jpg,2007869310101,Set De Desarmadores Portatiles 8 Pzs,4490
1895.jpg,2007872810100,Pinzas Para Ropa Small 20 Pzs,1490
1923.jpg,2007952010109,Cotonetes De Algodón Azul/Rosa 300 Pzas- Candy Time CANDY TIME,2490
1938.jpg,2007961110104,Juego De Pelotas Inflables Miniso,4995
1939.jpg,2007961210101,Juego De Tablero Para Baloncesto Miniso,4995
1976.jpg,2007975210104,Pluma Con Diamantes Tinta Azul Multicolor,1990
1990.jpg,2007982410108,Set  De Marcadores 4 Pzas-Candy Rainbow Series,3490
2.jpg,0100000897,Costurero Menta Tipo Maletín De Plástico,2990
2002.jpg,2007990510104,Encrespador  De Pestañas Azul/Rosa- Candy Time CANDY TIME,2490
20313.jpg,2014696510109,Cepillo Para Cabello Snoopy Portátil Sintético Beige,2990
20314.jpg,2014696710103,Cepillo Para Shampoo Snoopy Sintético Rosa,2990
20330.jpg,2014754310108,Paquete Pañuelos Desechables Distroller Neonatos 18 Piezas,3990
20339.jpg,2013318410100,Mascarilla Facial We Bare Bears Hidratante 25 ml,1990
20340.jpg,2013318510107,Mascarilla Facial We Bare Bears Polar Hidratante 25 ml,990
20341.jpg,2013318610104,Mascarilla Facial We Bare Bears Pardo Hidratante 25 ml,990
20368.jpg,2014457310108,Perfume Para Hombre Blues Eternel 40 ml,5990
20376.jpg,2014783410107,Perfume Para Mujer Pink Aurora 30 ml,5990
20377.jpg,2014783510104,Perfume Para Mujer Silver Aurora 30 ml,5990
20418.jpg,2012823311100,Notas Adhesivas Disney Mickey Mouse 20 Piezas,1990
2042.jpg,2008041210103,Organizador De Plastico Para Joyas Con Tapa,3990
20446.jpg,2013930610100,Libreta De Espiral Miniso Pasta Suave Rayas 60 Hojas,2990
20502.jpg,2014527710104,Libreta Miniso Unicornio Pasta Dura Rayas 64 Hojas,2990
20511.jpg,2014688810101,Paquete Cintas Adhesivas Snoopy Decorativas Papel Washi 2 Piezas,1393
20544.jpg,2014777310109,Cepillo Ovalado Para Cabello Disney Frozen Sintético Azul,3990
20575.jpg,2015102910100,Rastrillo Desechable Barbie 5 Cuchillas Rosa,3990
20585.jpg,2011532710105,Blind Box Miniso Muñequitas Mundo Mágico,14990
20586.jpg,2011856210107,Set Raspadores De Lengua Miniso 2 Piezas,2190
20589.jpg,2012478010106,Difusor De Aroma Miniso 100 ml Té Fresco,7990
20591.jpg,2012478012100,Difusor De Aroma Miniso 100 ml Fresia,7990
20601.jpg,2013329210102,Set Adornos Para Pastel Miniso Estrellas 12 Piezas,1990
20662.jpg,2014280410105,Lapicera Miniso Hamburguesa Happy Foods,2990
20692.jpg,2014452210106,Set Notas Adhesivas Miniso Navy Blue 5 Piezas,995
20693.jpg,2014452410100,Set Notas Adhesivas Miniso Navy Blue 7 Piezas,1990
20706.jpg,2014460410109,Manta Con Capucha Distroller Neonato Lila,7990
20762.jpg,2014522410108,Lapicera Miniso Perrito Amarilla,1990
20768.jpg,2014527610107,Set Libretas Miniso Unicornio Pasta Suave Rayas 28 Hojas,1990
20779.jpg,2014590914102,Difusor De Aroma Miniso Iris Azul,7990
20822.jpg,2014774410109,Lima Para Uñas Con Funda Disney Elsa Frozen Degradada,2990
20868.jpg,2015067410103,Shampoo Para Cabello Miniso 300 ml Té Verde,3990
20884.jpg,2015104910108,Set De Cortaúñas Barbie Rosas 2 Piezas,3990
20887.jpg,2015169710101,Cepillo Con Espejo Barbie Compacto Rosa,1990
20892.jpg,2015214011108,Set Tines Para Hombre Miniso Azules 3 Pares,3990
20914.jpg,2015259310105,Peluche Redondo Mickey Corazón Serie Disney Mickey Mouse Felpa,9990
20919.jpg,2015284710109,Libreta Miniso Pink Romance Rayas 50 Hojas,1990
20928.jpg,2015380810109,Blind Box Distroller Neonatos,9990
20934.jpg,2015472510108,Llavero Ositos Cariñositos Divertosito Amarillo,5990
20936.jpg,2015472512102,Llavero Ositos Cariñositos Gruñosito Azul,5990
20937.jpg,2015472513109,Llavero Ositos Cariñositos Suerteosito Verde,5990
20947.jpg,2013588010109,Delineador De Cejas De Hello Kitty Interesting Adventure Marrón Sanrio Sanrio Hello Kitty Tono Marrón,3990
20978.jpg,2014991010106,Gorra De Beisbol Miniso Letra Bordada Rojo Miniso Textil Vino,5990
20979.jpg,2014991110103,Caja de Almacenamiento Apilable L para Objetos Pequeños Hello Kitty Apple Collection Sanrio Plástico Blanco,2990
20982.jpg,2015024210104,Hilo Dental Sabor Fruta Kuromi 50 Unidades Sanrio Kuromi Uva 50 Piezas,1990
20983.jpg,2015074110102,Sombrero Bucket Super Mario Bros Rojo Super Mario Bros Infantil 100% Poliéster Rojo,7990
20985.jpg,2015190910105,Terrestre Vehiculo De Ingenieria Deslizante Set 5 Unidades 7Cm X 3Cm X 3.5Cm Serie Miniso Miniso Rescate Sintéticos Amarillos 5 Piezas,3990
20987.jpg,2015259410102,Peluche Redondo Donald Corazon 30Cm Serie Mickey Mouse Felpa,14990
20990.jpg,2010575611103,Vehículo De Juguete miniso Sintético Naranja,4893
20992.jpg,2010575613107,Vehículo De Juguete miniso Sintético Verde,6990
21013.jpg,2013477510109,Vela Decorativa miniso Led Sintética Café,3990
21014.jpg,2013477610106,Vela Decorativa miniso Led Sintética Café,3990
21057.jpg,2014241112109,Bufanda Para Mujer miniso Tejida 100% Poliéster Gris,7990
21088.jpg,2014451110100,Set Clips Para Carpeta miniso Navy Blue Aluminio Azul 19 Piezas,995
21089.jpg,2014451310104,Set Clips De Papelería miniso Navy Blue Aluminio Azul 60 Piezas,995
21090.jpg,2014451510108,Set Clips Para Carpeta miniso Navy Blue Plástico Azul 60 Piezas,995
21175.jpg,2014993910107,Toallitas Húmedas We Bare Bears We Bare Bears Desechables Aloe 50 Piezas,3990
21194.jpg,2015070410107,Cepillo Para Cabello miniso Sintético Rosa,3990
21235.jpg,2015197710104,Bloques De Construcción miniso 260 Piezas,14990
21282.jpg,2015508110104,Pista De Coches miniso Con Vehículos Plástico 4 Piezas,22990
2129.jpg,2008086910105,Mica Protectora De Lente De Camara  Para Huawei P30 Pro MINISO,297
21320.jpg,2010243110105,Paquete Bolsas De Sellado Sanrio Cinnamoroll Herméticas Transparentes 30 Piezas,3990
21325.jpg,2012274810108,Perfume Para Mujer Miniso Night Boudoir 50 ml,7990
2138.jpg,2008103410106,Set De Baño Porta Cepillo Dientes + Jabonera,1745
2140.jpg,2008103511100,Caja De Almacenamiento Rosa,2990
2141.jpg,2008103512107,Caja Para Almacenamiento  Color Azul,2990
21421.jpg,2015771210105,Bolso Bandolera Tipo Cangurera Miniso Moon &amp; Stars Sintético Tornasol,5593
21487.jpg,2008761510101,Bolsas Para Alimentos Miniso S/M 20 Piezas,2990
21488.jpg,2010918410103,Contenedor De Alimentos Sanrio Cinnamoroll Vidrio Transparente 840 ml,8990
21497.jpg,2014696610106,Espejo Compacto Snoopy Sintético Rosa,2990
21506.jpg,2015191710100,Vehículo De Juguete Tracción Miniso Construcción Sintético Amarillo,3990
21509.jpg,2015217810104,Tapete Decorativo Miniso 100% Poliéster Rosa,4990
21510.jpg,2015217812108,Tapete Decorativo Miniso 100% Poliéster Gris,4990
21518.jpg,2015489610105,Gorra Miniso Tipografía New York Verde Militar Unitalla,7990
21519.jpg,2015489611102,Gorra Miniso Tipografía New York Azul Unitalla,7990
21520.jpg,2015489612109,Gorra Miniso Tipografía New York Rosa Unitalla,7990
21521.jpg,2015489613106,Gorra Miniso Tipografía New York Coral Unitalla,7990
21528.jpg,2015566510106,Juguete Para Gatos Sanrio Cinnamoroll Azul,6990
21546.jpg,2015838410103,Gorra Miniso Tipografía California Mostaza Unitalla,7990
21559.jpg,2015896511101,Cojín Decorativo Miniso Pandita Tipo Dona Felpa,7990
21560.jpg,2015896513105,Cojín Decorativo Miniso Osito Tipo Dona Felpa Café,7990
21578.jpg,2016087910109,Gorra Miniso Pandita Textil Azul Unitalla,7990
21579.jpg,2016087911106,Gorra Miniso Perrito Textil Rosa Unitalla,7990
216.jpg,0200043091,Esponja De Baño Con Mango Blanco,2990
21603.jpg,2016662710100,Set Pulseras Miniso Fairy Tale Sintéticas Multicolores 2 Piezas,1990
21659.jpg,2015484110105,Mochila Miniso Gender Neutral Gris,9093
21660.jpg,2015484111102,Mochila Miniso Gender Neutral Café,9093
21661.jpg,2015484112109,Mochila Miniso Gender Neutral Naranja,9093
21668.jpg,2015566610103,Juguete Para Gatos Sanrio Hello Kitty Blanco,6990
21669.jpg,2015566710100,Juguete Para Gatos Sanrio Pochacco Blanco,6990
2167.jpg,2008116511104,Audífonos  De Cable Con Estuche En Forma De Capsula  Hf236 Negro - Colorful Auriculares Negro,897
21676.jpg,2015746310106,Libreta Con Lapicera Miniso Conejita Rayas 80 Hojas,6990
21684.jpg,2015807110102,Cepillo Para Cabello Ositos Cariñositos Alegrosita Sintético Rosa,4990
21693.jpg,2016249210108,Cepillo Masajeador Para Cabello Miniso Negro,3990
21695.jpg,2010232912109,Organizador De Escritorio Sanrio Pompompurin Con Cajones Sintético Amarillo 17x11x15 cm,6990
21718.jpg,2013584010103,Set Contenedores De Alimentos Sanrio Hello Kitty Plástico 500 ml 3 Piezas,2990
21732.jpg,2013024310107,Mascarilla Para Cabello Miniso Nutritiva 30 gr Aguacate,1990
21735.jpg,2013173711107,Set Tines Para Mujer Miniso 97% Poliéster, 2% Elastano, 1% Poliamida Blancos 3 Pares,3990
21756.jpg,2014256710109,Paquete De Toallitas Miniso Serie De Dinosaurios Húmedas 8 Piezas,1990
21764.jpg,2014476310103,Bomba De Baño Perfumada Miniso Unicorn Dream,3990
21773.jpg,2014672510109,Paquete Bolsas De Sellado Disney Alíen Toy Story Transparentes Herméticas 15 Piezas,2990
21818.jpg,2015262010108,Set Cintas Adhesivas We Bare Bears Washi Multicolores 2 Piezas,1990
21835.jpg,2015326311103,Libreta Miniso Cerdito Fuwa Fuwa Rosa 28 Hojas Rayas,990
21840.jpg,2015342410101,Manta Miniso Pink Romance 100% Poliéster Rosa,4990
21841.jpg,2015342910106,Bloc De Notas Tipo Planificador Miniso Pink Romance Rosa 60 Hojas,1990
21863.jpg,2015483110106,Bolso De Hombro Miniso Sintético Negro,9990
21865.jpg,2015483112100,Bolso De Hombro Miniso Sintético Caqui,9990
21870.jpg,2015505410108,Kit De Dibujo Miniso Dinosaurios 12 Piezas,3990
21881.jpg,2015566410109,Juguete Para Gatos Sanrio My Melody Rosa,6990
21888.jpg,2015594810100,Blind Box Disney Princesas Pluma Con Punta Retráctil Tinta Negra 0.5 mm,1990
21890.jpg,2015648910107,Set Varitas De Juguete Miniso Hadas Live Vividly Multicolor 2 Piezas,1990
21937.jpg,2015770910105,Set Cosmetiqueras Miniso Diseño De Malla Textil Blancas 3 Piezas,7990
21949.jpg,2015897610100,Lapicera Disney Blancanieves Princesas Manga Sintética,1990
21999.jpg,2016281712103,Cartera Larga Para Mujer Miniso Minimalista Sintética Café,9990
22009.jpg,2015579711101,Contenedor De Alimentos Miniso Para Ingredientes Acero Inoxidable Negro 3 Piezas,7990
22019.jpg,2016111210106,Monedero Miniso Outdoor Textil Beige,3990
22023.jpg,2016111410100,Cosmetiquera Acolchada Miniso Dopamine Textil Verde Aqua,7990
22028.jpg,2016264511105,Bolso Bandolera Miniso Careculture Textil Rosa,9990
22030.jpg,2016264610105,Bolso Bandolera Tipo Sport Miniso Careculture Textil Rosa,7990
22031.jpg,2016264611102,Bolso Bandolera Tipo Sport Miniso Careculture Textil Verde,7990
22037.jpg,2016264811106,Mochila Casual Miniso Careculture Textil Rosa,12990
22043.jpg,2010918310106,Contenedor De Alimentos SANRIO Hello Kitty Vidrio Transparente 570 ml,6490
22060.jpg,2013235410108,Mini Lámpara De Noche SANRIO Cinnamorol Sintética,7990
22090.jpg,2014806710108,Perfume Para Hombre MINISO Epiphany 30 ml,5990
22091.jpg,2014806810105,Perfume Para Hombre MINISO Sans Limites 30 ml,5990
22115.jpg,2015505710109,Kit Creativo MINISO Dinosaurio Manualidades,3990
22120.jpg,2015579710104,Set Contenedores De Alimentos MINISO Para Ingredientes Acero Blanco 3 Piezas,7990
22153.jpg,2015987110107,Cartera Larga Para Mujer Con Broche MINISO Sintética Negra,12990
22386.jpg,2013447710102,Cepillo De Limpieza Facial Sintético,3990
22388.jpg,2014474611103,Bocina Inalámbrica Con Luces Led Tipo Esfera Sintética Blanca,10990
224.jpg,0200047941,Paquete De Toallas Humedas 10 Pack- We Bare Bears We Bare Bears 8 Hojas,3990
22413.jpg,2015310310105,Cargador Inalámbrico De Escritorio Sintético Blanco 15 W,10990
22416.jpg,2015378810104,Toalla De Baño Bordado De Flor Tulip Garden Microfibra Rosa,7990
22418.jpg,2015398211103,Organizador Plegable Sanrio Hello Kitty Textil Rosa,4990
22420.jpg,2015398213107,Organizador Plegable Sanrio My Melody Textil Rosa,4990
22446.jpg,2015761410102,Organizador De Escritorio Con Cajón Sanrio Apilable Plástico Azul,4990
22460.jpg,2015925110107,Peine Tipo Masajeador Resina Palo De Rosa,3990
22476.jpg,2016021110107,Set Mini Peluches Sr. Miniso Mini Family Nueva York Felpa Multicolor 3 Piezas,9990
22477.jpg,2016021111104,Set Mini Peluches Sr. Miniso Mini Family Los Ángeles Felpa Multicolor 3 Piezas,9990
225.jpg,0200047951,Paquete De Toallas Humedas 6 Pack De 10 Hojas - We Bare Bears We Bare Bears 60 Toallas,2490
22504.jpg,2010918510100,Contenedor De Alimentos Sanrio My Melody Vidrio Transparente 840 ml,7990
22515.jpg,2013726710106,Juguete Transformable MINISO Stegosaurus Sintético Azul,14990
22528.jpg,2014496110103,Set Adaptadores MINISO Micro USB A Tipo C 2 Piezas,8990
22529.jpg,2014496210100,Cable De Carga Y Datos MINISO 2 En 1 Nailon Reforzado Plateado,8990
22531.jpg,2014594310108,Set Esmalte Para Uñas MINISO 2 en 1 Tono 04 3.5 ml,2990
22532.jpg,2014594311105,Set Esmalte Para Uñas MINISO 2 en 1 Tono 09 3.5 ml,2990
22534.jpg,2014594313109,Set Esmalte Para Uñas MINISO 2 En 1 Tono 12 3.5 ml,2990
22535.jpg,2014594314106,Set Esmalte Para Uñas MINISO 2 en 1 Tono 05 3.5 ml,2990
22536.jpg,2014594315103,Set Esmalte Para Uñas MINISO 2 en 1 Glitter 3.5 ml Tono 03,2990
22537.jpg,2014594316100,Set Esmalte Para Uñas MINISO 2 En 1 Glitter 3.5 ml Tono 06,2990
22538.jpg,2014594317107,Set Esmalte Para Uñas MINISO 2 en 1 Glitter 3.5 ml Tono 02,2990
22539.jpg,2014594318104,Set Esmalte Para Uñas MINISO 2 en 1 3.5 ml Tono 01,2990
22541.jpg,2014594320107,Set Esmalte Para Uñas MINISO 2 En 1 Glitter 3.5 ml Tono 08,2990
22542.jpg,2014594321104,Set Esmalte Para Uñas MINISO 2 en 1, Glitter Tono 10 3.5 ml,2990
22546.jpg,2014783110106,Perfume Para Mujer MINISO Pink Aspiration 30 ml,5990
22547.jpg,2014783210103,Perfume Para Mujer MINISO Orange Aspiration 30 ml,5990
22551.jpg,2014977610108,Set Perfiladores Para Cejas Sanrio Hello Kitty Plástico Multicolores 2 Piezas,1990
22560.jpg,2015310210108,Cargador Inalámbrico Magnético Tipo C MINISO Carga Rápida 15 W,10990
22574.jpg,2015537610101,Cepillo Para Cabello Con Pinza MINISO China Panda Sintéticos Rosa 2 Piezas,3990
22580.jpg,2015616710104,Kit De Pintura Con Arena Disney Pixar Multicolores 12 Piezas,6990
22587.jpg,2015741010100,Libro De Stickers Disney Pixar,4990
22606.jpg,2015814112106,Cable De Carga Portátil MINISO Panda Multiconector Blanco,6990
22607.jpg,2015814113103,Cable De Carga Portátil MINISO Cerdito Multiconector Rosa,6990
22609.jpg,2015854310104,Kit De Cubiertos Con Estuche Sanrio My Melody Acero Inoxidable 2 Piezas,7990
22610.jpg,2015854510108,Kit De Cubiertos Con Estuche Sanrio Hello Kitty Acero Inoxidable 2 Piezas,7990
22644.jpg,2015973910100,Blind Box Barbie Accesorios De Moda Sintético,6990
22645.jpg,2015974010106,Blind Box Barbie Fashion Metálico,6990
22647.jpg,2015987111104,Cartera Larga Para Mujer MINISO Sintética Beige,12990
22648.jpg,2015991010103,Rodillo Masajeador Facial MINISO Doble Cabezal Resina Blanco,3990
22649.jpg,2015991210107,Rodillo Masajeador Facial MINISO Doble Cabezal Resina Lila,3990
22666.jpg,2016088810101,Babero Para Mascota Snoopy Blanco,4990
22667.jpg,2016088813102,Babero Para Mascota Snoopy Orejitas Erguidas Blanco,4990
22672.jpg,2016142710101,Set De Plastilina Snoopy Multicolor 8 Piezas,6990
22680.jpg,2016199210104,Cangurera MINISO Textil Gris,9990
22697.jpg,2016282312104,Gorra Casual Snoopy Lucy Textil Rosa,7990
22713.jpg,2016882210107,Llavero MINISO Pollito Dundun Flor De Loto Felpa,5990
22714.jpg,2016896610108,Paraguas Plegable Minions Colección Daisy 100% Poliéster Amarillo,10990
22715.jpg,2006840110105,Perfume Pretty Girl Para Mujer MINISO 30 ml Floral,5990
22718.jpg,2011576310101,Audífonos De Diadema Con Cable MINISO Infantiles Sintéticos Rosas 3.5 mm,15990
22722.jpg,2013265110108,Plantillas De Stickers MINISO Perrito Astronauta Glitter 12 Piezas,3990
22728.jpg,2013399010107,Plantilla de Stickers Sanrio Diseños Mixtos MINISO 20 Piezas,1290
22737.jpg,2014254410100,Audífonos De Diadema Con Cable MINISO Infantiles Sintéticos Azules 3.5 mm,15990
22747.jpg,2015047210105,Loción Corporal En Crema MINISO Hidratante 200 gr Naranja &amp; Cedro,6990
22748.jpg,2015047310102,Loción Corporal En Crema MINISO Hidratante 200 gr Jazmín &amp; Té Blanco,6990
22783.jpg,2015228018100,Esmalte Para Uñas MINISO Color Me Verde Aqua,2990
22784.jpg,2015228019107,Esmalte Para Uñas MINISO Color Me Coral 14 ml,2990
22789.jpg,2015228024101,Esmalte Para Uñas MINISO Color Me Rosa 14 ml,2990
22865.jpg,2015735211100,Perfume Para Mujer SANRIO Hello Kitty Sweetheart 50 ml,14990
22873.jpg,2015816610105,Lápiz Labial MINISO Live Vividly Tono 01 3.5 gr,5990
22874.jpg,2015816611102,Lápiz Labial MINISO Live Vividly Tono 04 3.5 gr,5990
22875.jpg,2015816612109,Lápiz Labial MINISO Live Vividly Tono 02 3.5 gr,5990
22876.jpg,2015816613106,Lápiz Labial MINISO Live Vividly Tono 03 3.5 gr,5990
22879.jpg,2015867710106,Rubor En Polvo MINISO Live Vividly Tono 01 3.5 gr,5990
22880.jpg,2015867711103,Rubor En Polvo MINISO Live Vividly Tono 02 3.5 gr,5990
22881.jpg,2015873810104,Paleta De Sombras Para Ojos MINISO Live Vividly Tono 01,9990
22882.jpg,2015873811101,Paleta De Sombras Para Ojos MINISO Live Vividly Tono 02,9990
22883.jpg,2015873910101,Body Glitter MINISO Live Vividly Blue 4 gr,5990
22884.jpg,2015873911108,Body Glitter MINISO Live Vividly Red 4 gr,5990
22885.jpg,2015873912105,Body Glitter MINISO Live Vividly Purple 4 gr,5990
22886.jpg,2015873913102,Body Glitter MINISO Live Vividly Golden 4 gr,5990
22887.jpg,2015873914109,Body Glitter MINISO Live Vividly Silvery 4 gr,5990
22897.jpg,2015927515108,Termo SANRIO Little Twin Stars Acero Inoxidable 200 ml,9990
22901.jpg,2015945910107,Perfume Para Hombre MINISO Ultimate Charm 50 ml,14990
22908.jpg,2016044411106,Cosmetiquera MINISO Ajolote Rectangular Sintética,7990
22924.jpg,2016789110104,Organizador De Escritorio Con Cajones Minions Colección Daisy Sintético Coral,7990
22929.jpg,2016814410100,Rompecabezas Minions Colección Daisy 100 Piezas,3990
22930.jpg,2016814510107,Libro De Rompecabezas MINIONS Colección Daisy Magnético,6990
22933.jpg,2016858310107,Set Libretas MINIONS Colección Daisy Pasta Suave Amarillas Raya 2 Piezas,4990
22934.jpg,2016864710106,Cepillo Para Cabello MINIONS Daisy Sintético Rosa,3990
22936.jpg,2016866110102,Lapicera Minions Colección Daisy Sintéticas Rosa,9990
22937.jpg,2016866210109,Lapicera Minions Colección Daisy Sintéticas Amarilla,9990
22939.jpg,2016867910107,Pastillero MINIONS Colección Daisy Sintético Durazno,3990
22940.jpg,2016868010103,Kit Botellas De Viaje MINIONS Colección Daisy Plástico Rosa 7 Piezas,5990
22947.jpg,2016889110103,Plantilla De Stickers MINIONS Colección Daisy,2990
22948.jpg,2016889210100,Plantillas De Stickers Minions Colección Daisy Amarillos,1990
22950.jpg,2016889410104,Plantillas De Stickers Minions Colección Daisy Azules,2990
22956.jpg,2016928010104,Perfume Para Hombre MINISO Moonlight Knight 100 ml,17990
22962.jpg,2012806010105,Lonchera Sanrio My Melody Afelpada Rosa 28x17x8 cm,12990
22964.jpg,2014298410104,Pluma Retráctil Sanrio Pochacco Barril Verde Tinta Negra 0.5 mm,1990
22965.jpg,2014298411101,Pluma Retráctil Sanrio Pochacco Barril Azul Tinta Negra 0.5 mm,1990
22968.jpg,2014438510107,Botella De Viaje Con Dispensador De Bomba Miniso Plástico Transparente 30 ml,1990
22969.jpg,2014595610108,Paquete De Almohadillas Miniso Algodón 160 Piezas,1990
22974.jpg,2015025410107,Bálsamo Labial Miniso Hidratante 3 gr Vitamina C,2990
22975.jpg,2015025510104,Bálsamo Labial Miniso Hidratante 3 gr Acido Hialuronico,2990
22976.jpg,2015025610101,Bálsamo Labial Miniso Hidratante 3 gr Vitamina E,2990
22977.jpg,2015026510103,Bálsamo Para Pies Miniso Hidratante 6.5 gr,3990
22987.jpg,2015518210108,Mascarillas Para Manos Miniso Hidratantes 40 ml Leche De Cabra,3990
22996.jpg,2015630910108,Crema Para Manos Miniso Hidratante 50 gr Té Blanco,1990
22997.jpg,2015630912102,Crema Para Manos Miniso Hidratante 50 gr Cítrico &amp; Ámbar,1990
23003.jpg,2015886410100,Vehículo De Juguete Tracción Miniso Bomberos Sintético Rojo,3990
23016.jpg,2015911913101,Taza Con Cuchara Sanrio My Melody Cerámica Rosa 450 ml,9990
23018.jpg,2015912113104,Termo Con Tapa Enroscable Sanrio Little Twin Stars Acero Inoxidable Menta 420 ml,9990
23022.jpg,2015925010100,Rodillo Masajeador Facial Miniso Doble Cara Sintético Rosa 16 cm,6990
23024.jpg,2015925310101,Rodillo Masajeador Facial Miniso Sintético Rosa 16.5 cm,6990
23030.jpg,2015945811107,Perfume Para Hombre Miniso Sunlight Travel 30 ml,12990
23067.jpg,2016413610109,Peluche Miniso Cerdito Con Vestido Felpa 37x13 cm,12990
23082.jpg,2016534410107,Organizador Disney Stitch Tipo Estante Menta 27.4x6.7 cm,2990
23083.jpg,2016536410105,Peluche Miniso Sr. Miniso Francia Felpa 15x20 cm,12990
23084.jpg,2016563910104,Perfume Para Mujer Miniso Rainbow 50 ml,9990
23091.jpg,2016600910104,Juguete Mordedera Para Mascotas Miniso Sintéticos Rosas 3 Piezas,6990
23092.jpg,2016600911101,Juguete Mordedera Para Mascotas Miniso Sintéticos Azules 3 Piezas,6990
23093.jpg,2016600912108,Juguete Mordedera Para Mascotas Miniso Sintéticos Amarillos 3 Piezas,6990
23095.jpg,2017206710105,Perfume Para Hombre Miniso Shadow Knight 100 ml,14990
23100.jpg,2013398310109,Stickers SANRIO Disfrazados De Animales 3D Multicolor 12 Piezas,2990
23133.jpg,2015569010108,Paquete Hilos Dentales En Arco MINISO Desechables Menta 3 Piezas,5990
23134.jpg,2015569110105,Paquete Hilos Dentales En Arco MINISO Desechables Blancos 3 Piezas,5990
23135.jpg,2015698112100,Peluche MINISO DunDun Felpa Amarillo,12990
23137.jpg,2015758710109,Masajeador Para Cabeza MINISO Pollito Acero Inoxidable Amarillo,3990
23147.jpg,2015886010102,Vehículo De Juguete Tracción MINISO Mezclador De Construcción Sintético Amarillo,3990
23148.jpg,2015886110109,Vehículo De Juguete Tracción MINISO Excavadora De Construcción Sintético Amarillo,3990
23149.jpg,2015886210106,Vehículo De Juguete Tracción MINISO Volca De Construcción Sintético Amarillo,3990
23150.jpg,2015886310103,Vehículo De Juguete Tracción MINISO Grúa De Construcción Sintético Amarillo,3990
23152.jpg,2015888310101,Cosmetiquera MINISO Doggie Power 100% Poliéster Amarillo,7990
23167.jpg,2015965110105,Ropa Para Mascotas SNOOPY 94% Algodón, 6% Elastano Blanca,4990
23173.jpg,2015991311101,Masajeador Facial MINISO Gua Sha Cuarcita,6990
23191.jpg,2016130210101,Gancho Adhesivo DISNEY Tsum Tsum 3 En 1 Plástico Multicolor 2 Kg,1990
23192.jpg,2016130410105,Jabonera DISNEY Tsum Tsum Plástico,1990
23194.jpg,2016130810103,Kit Accesorios Para Baño MINISO Sintéticos Gris 3 Piezas,4990
23200.jpg,2016143310102,Cesta De Almacenamiento Con Secciones MINISO Plástico Blanco,1990
23201.jpg,2016143311109,Cesta De Almacenamiento Con Secciones MINISO Plástico Azul,1990
23204.jpg,2016146010108,Cilindro Con Tapa Y Boquilla SANRIO My Melody Plástico Rosa 1 L,7990
23205.jpg,2016146011105,Cilindro Con Tapa Y Boquilla SANRIO Hello Kitty Plástico Rosa 1 L,7990
23211.jpg,2016244410107,Set Plumones SNOOPY Multicolor 6 Piezas,4990
23212.jpg,2016247210100,Set Plumones SNOOPY Multicolor 12 Piezas,4990
23217.jpg,2016274412102,Peluche MINISO DunDun Boxeador Felpa Negro,16990
23244.jpg,2016878510105,Set Limas Para Uñas MINIONS Colección Daisy Multicolor 4 Piezas,3990
23246.jpg,2016901910100,Contenedor De Alimentos MINIONS  Colección Daisy Plástico Amarillo 1000 ml,4990
23249.jpg,2016965912102,Contenedor De Alimentos Con Cubierto MINISO Gran Capacidad Plástico Verde 1200 ml,4990
23252.jpg,2009977511104,Juguete Transformable Dinosaurio Sintético Naranja,12990
23274.jpg,2013261910108,Perfume Para Mujer Sanrio Kuromi Portátil 10 ml,16990
233.jpg,0200048771,Toallas Desmaquillantes Comprimidas Rosa 2Pzas 2 Piezas,3990
23396.jpg,2015885910106,Vehículo De Juguete Bombero De Rescate Luces Y Sonidos Sintético Rojo,9990
23406.jpg,2015927513104,Termo Con Tapa Enroscable Sanrio My Melody Acero Inoxidable Blanco 200 ml,9990
23426.jpg,2016052010100,Peluche Servilletero Home Felpa,9990
23738.jpg,2016881910107,Lapicera Tokidoki Sintética Tornasol,6990
23743.jpg,2016893410107,Bolso Bandolera Tokidoki Sintético Blanco,12990
23745.jpg,2016893611108,Bolso De Hombro Tokidoki Sintético Rosa,16990
23747.jpg,2017122311103,Vaso Con Tapa Y Popote Snoopy Plástico Azul 600 ml,7990
23858.jpg,2015957110106,Set Libretas MINISO Set Libretas Doggie Power Rayas 3 Piezas,2990
23947.jpg,2016553110101,Mochila Casual MINISO Mochila Casual Diseño De Rayas Textil Rosa,19990
23948.jpg,2016553111108,Mochila Casual MINISO Mochila Casual Diseño De Rayas Textil Gris,19990
23951.jpg,2016553410102,Cartera Larga Para Mujer MINISO Cartera Larga Para Mujer Diseño De Rayas 100% Poliéster Rosa,7990
23993.jpg,2016630810108,Ropa Para Mascotas TOKIDOKI Ropa Para Mascotas Camisa 97% Poliéster, 3% Elastano Rosa,9990
23998.jpg,2016710112108,Mouse Pad SNOOPY Mouse Pad Amarillo,7990
24038.jpg,2016830610102,Peluche LILO &amp; STITCH DISNEY Stitch Disfrazado De Koala,19990
24040.jpg,2016830612106,Peluche LILO &amp; STITCH DISNEY Stitch Disfrazado De Panda,19990
24042.jpg,2016846012105,Cable De Carga Y Datos BT21 Cable De Carga Y Datos USB A Lightning Sintético Rosa,12990
24043.jpg,2016846013102,Cable De Carga Rápida Y Datos BT21 Cable De Carga Rápida Y Datos USB A Lightning Sintético Café,12990
24061.jpg,2016881410102,Libreta TOKIDOKI Libreta Pasta Dura Rosa,4990
24062.jpg,2016886810105,Libreta Pasta Suave MINISO Libreta Pasta Suave Summer Colors Verde Rayas,6990
24117.jpg,2017010110108,Suéter Con Mochila Para Mascotas CARE BEARS Suéter Con Mochila Para Mascotas 100% Poliéster Rosa,14990
24118.jpg,2017010111105,Suéter Con Mochila Para Mascotas CARE BEARS Suéter Con Mochila Para Mascotas 100% Poliéster Azul,14990
24132.jpg,2017028310101,Rodillo Masajeador Facial MINISO Pink Pearl Cuarcita Rosa,6990
24135.jpg,2017050311107,Gorro Para Gato MINISO Gorro Para Gato 100% Poliéster Amarillo,5990
24136.jpg,2017050411104,Gorro Para Gato MINISO Gorro Para Gato 100% Poliéster Amarillo,6990
24211.jpg,2017324710100,Organizador De Escritorio SNOOPY Organizador De Escritorio Plástico Lila,12990
24245.jpg,2017424110107,Bloques De Construcción NAILONG Bloques De Construcción Nailong Amarillo 60 Piezas,12990
24248.jpg,2017436523100,Perfume Para Mujer Portátil MINISO Perfume Para Mujer Portátil Grapefruit Paradise,4990
24249.jpg,2017437811107,Set Calcetines Para Mujer MINISO Set Calcetines Para Mujer Deportivos Textiles Rojos 3 Pares,4990
24250.jpg,2017437910107,Set Calcetines Para Mujer MINISO Set Calcetines Para Mujer Deportivos Textiles Blancos 3 Pares,4990
24251.jpg,2017437911104,Set Calcetines Para Mujer MINISO Set Calcetines Para Mujer Deportivos Textiles Negros 3 Pares,5990
24252.jpg,2017437912101,Set Calcetines Deportivos Para Hombre MINISO Set Calcetines Deportivos Para Hombre Textiles Gris Oscuro 3 Pares,4990
24257.jpg,2017460510107,Gel Exfoliante Facial Para Hombre MINISO Gel Exfoliante Facial Para Hombre Barro Volcánico,3990
2426.jpg,2007469610106,Botella De Viaje Con Atomizador Miniso 30 ml,1290
24265.jpg,2010049210108,Tableta De Dibujo Sanrio Hello Kitty Rosa,11990
2427.jpg,2007470010100,Botella De Viaje Lotion 50 Ml,1290
24276.jpg,2014795615101,Cilindro Con Tapa Y Boquilla Miniso Gran Capacidad Plástico Multicolor 2.1 l,9990
24277.jpg,2015612911109,Bocina Inalámbrica Sanrio My Melody Rosa,24990
24278.jpg,2015612913103,Bocina Inalámbrica Sanrio Cinnamoroll Azul,24990
24281.jpg,2015735111103,Perfume Para Mujer Disney Marie 50 ml,16990
24285.jpg,2015972910101,Kit De Papelería Miniso Fantasy Unicorn,4990
24286.jpg,2016182012104,Lámpara De Noche Miniso Mikko Sintética Multicolor,14990
24287.jpg,2016271111107,Almohada De Viaje Miniso Conejita Cammy Mikko Textil Blanca,7990
24288.jpg,2016274610102,Taza Con Tapa De Silicona Disney Minnie Mouse Tsum Tsum Cerámica Beige 425 ml,9990
24289.jpg,2016278610108,Perfume Para Mujer Portátil Miniso Pink Reverie 10 ml,7990
24290.jpg,2016371411107,Vaso Con Tapa Y Bombilla BT21 Térmico Acero Inoxidable Rosa 1.6 L,22990
24291.jpg,2016498612104,Termo Con Tapa Enroscable Miniso Sweet Funk Acero Inoxidable Rosa 500 ml,9990
24292.jpg,2016498613101,Termo Con Tapa Enroscable Miniso Sweet Funk Acero Inoxidable Verde Aqua 500 ml,9990
24293.jpg,2016545410103,Cilindro Con Correa Desmontable Sanrio Kuromi Plástico Morado 500 ml,12990
24295.jpg,2016545710104,Cesta De Almacenamiento Sanrio Plástico Rosa,4990
24296.jpg,2016548211103,Vaso Con Tapa Enroscable Sanrio My Melody Vidrio Rosa 350 ml,9990
24297.jpg,2016548212100,Vaso Con Tapa Enroscable Sanrio Hello Kitty Vidrio Rojo 350 ml,9990
24303.jpg,2016584012108,Lápiz Para Cejas Con Cepillo Miniso Taupe 0.08 gr,3990
24311.jpg,2016630811105,Ropa Para Mascotas Tokidoki Camisa Textil Multidiseño,9990
24312.jpg,2016646910106,Taza Con Tapa De Silicona Tokidoki Cerámica Rosa 425 ml,12990
24313.jpg,2016764310109,Juguete Para Gatos Disney Stitch Varita Textil Azul,8990
24314.jpg,2016764510103,Juguete Para Mascotas Disney Alíen Toy Story Pelotas Poliéster Verdes 2 Piezas,4990
24317.jpg,2016774010105,Manta Tokidoki Textil Rosa,6990
24321.jpg,2016829810100,Juguete Para Gatos Varita Disney Alíen Toy Story Textil Verde,8990
24322.jpg,2016837710102,Blind Box BT21 Burger Party,19990
24323.jpg,2016847211101,Mouse Pad Minions Bob Colección Daisy Textil Multicolor,7990
24327.jpg,2016893210103,Cosmetiquera Tokidoki Sintética Rosa,6990
24329.jpg,2016895610109,Organizador De Escritorio Miniso Rectangular Plástico Beige,2990
24330.jpg,2016895612103,Organizador De Escritorio Miniso Rectangular Plástico Menta,2990
24335.jpg,2016896111100,Organizador De Escritorio Con División Miniso Plástico Menta,7990
24337.jpg,2016965211106,Difusor De Aroma Miniso Magic Cube 40 ml Tea 5 Varillas,4990
24339.jpg,2016993510103,Perfume Para Mujer Miniso Pink Cristal 100 ml,16990
24340.jpg,2016993511100,Perfume Para Mujer Miniso Purple Crystal 100 ml,16990
24343.jpg,2017010310102,Ropa Para Mascotas Ositos Cariñositos Generosita Camisa Textil Morada,12990
24344.jpg,2017010311109,Ropa Para Mascotas Ositos Cariñositos Alegrosita Camisa Textil Rosa,12990
24345.jpg,2017010312106,Ropa Para Mascotas Ositos Cariñositos Gruñosito Camisa Textil Azul,12990
24347.jpg,2017037610100,Kit Brochas De Maquillaje Miniso Sintéticas 7 Piezas,14990
24348.jpg,2017037910101,Kit Mini Brochas De Maquillaje Con Cosmetiquera Miniso Sintéticas Rosas 5 Piezas,9990
24350.jpg,2017038210101,Kit Brochas De Maquillaje Con Estuche Miniso Sintéticas Plateadas 5 Piezas,9990
24353.jpg,2017038710106,Kit Mini Brochas De Maquillaje Con Cosmetiquera Miniso Sintéticas Grises 5 Piezas,9990
24354.jpg,2017038910100,Kit Mini Brochas De Maquillaje Con Cosmetiquera Miniso Sintéticas Doradas 5 Piezas,9990
24357.jpg,2017082611107,Cilindro Con Boquilla De Bombilla Ositos Cariñositos Alegrosita Plástico Rosa 1000 ml,9990
24358.jpg,2017082612104,Cilindro Con Boquilla De Bombilla Ositos Cariñositos Gruñosito Plástico Azul 1000 ml,9990
24360.jpg,2017082810104,Cilindro Con Boquilla De Bombilla Disney Marie Plástico Rosa 1 l,9990
24361.jpg,2017172711106,Peluche Miniso DunDun Disfrazado De Cangrejito Felpa Rojo,14990
24362.jpg,2017245711101,Cilindro Con Tapa Enroscable Ositos Cariñositos Alegrosita Plástico Rosa 1.5 l,12990
24364.jpg,2017268313108,Peluche Miniso Ovejita Cici Disfrazada De Sushi Felpa Blanca,12990
24367.jpg,2017268812106,Peluche Miniso Cerdita Gigi Disfrazada De Tiburón Felpa Azul,12990
24368.jpg,2017268911106,Peluche Miniso Cerdita Gigi Disfrazada De Cangrejito Felpa,12990
24369.jpg,2017281110104,Peluche Miniso Sr. Miniso Acostado Felpa Gris,12990
24372.jpg,2017312411101,Manta Con Capucha Snoopy 100 % Poliéster Blanca,16990
24374.jpg,2017340510104,Lapicera We Bare Bears Sintética Rosa,2990
24375.jpg,2017340610101,Lapicera We Bare Bears Sintética Azul,1990
24377.jpg,2017421510108,Perfume Para Hombre Miniso Black Tuxedo 50 ml,12990
24378.jpg,2017421511105,Perfume Para Hombre Miniso Under A Shirt 50 ml,12990
2438.jpg,2007469710103,Botella De Viaje Con Atomizador 50 Ml,1043
24382.jpg,2017465310108,Peluche Miniso Perrito Maltese Felpa Beige,14990
25.jpg,0100032451,Tetera Negra 900Ml Productos Cocina,3990
2509.jpg,2007128311108,Audifonos De Cable Ge-12  Rojo MINISO,3145
2738.jpg,2007550510100,Set De Mascarilla Tazon + Utensilios Belleza V2,1743
275.jpg,0300000761,Set De Desarmador Con 31 Puntas Amarillo MINISO Amarillo 31 piezas,3990
2837.jpg,2007872610106,Colgante Plegable  Rectangular Para Ropa Con 24 Pinzas,5290
2838.jpg,2007872710103,Colgante Plegable Para Ropa Con 8 Pinzas,1490
290.jpg,0300011551,Peluche De Pingüino Color Gris 28Cm Miniso Sr. Miniso Felpa 28 cm,6990
2906.jpg,2008063710100,Paquete De Ligas Grandes Para El Cabello Con Estuche Multicolor 100 Pzas 100 Piezas,1490
291.jpg,0300011552,Peluche De Pingüino Color Azul 28Cm Miniso Sr. Miniso Felpa 28 cm,6990
2917.jpg,2008082610108,Cepillo Para Cabello En Forma De Gato Negro Con Rosa,2093
2925.jpg,2008108610105,Caja De Almacenamiento Apilable Pequeña 13x10 cm,1290
2929.jpg,2008111411102,Paquete De Ganchos Simple Para Ropa Gris 10 Pzas 10 Piezas,2490
2930.jpg,2008111510102,Paquete De Ganchos Antideslizantes Gris 10 Pzs,3490
2931.jpg,2008111511109,Paquete De Ganchos Antideslizantes Para Ropa Verde 10 Piezas,3990
2932.jpg,2008111512106,Paquete De Ganchos Antideslizantes Rosa 10 Pzs Antideslizantes Para Ropa Rosa 10 Piezas,3990
299.jpg,0300014021,Gabinete De Plastico Con 3 Cajones Transparente,6990
2992.jpg,2008264410106,Paquete De Ganchos Adhesivos  Pequeños 2Kg 4 Piezas,1990
300.jpg,0300014031,Gabinete De Plastico Con 2 Cajones Transparente Con 2 Cajones De Plástico 18.8x12x9.2 cm,4990
3028.jpg,0200037901,Paquete De Cepillos Dentales Para Niño Con Adorno De Abeja 3Pzas,2490
303.jpg,0300014061,Organizador Para Cosmeticos Multifuncional Transparente 94*94*10Cm,2990
3043.jpg,2008043610109,Canasto de Almacenamiento Rectangular M Plástico 28 x 16.5 x 11.5 cm,2990
3089.jpg,2007169611106,Audífonos  De Cable Mod Hf 230 Blanco MINISO Blanco,2793
3118.jpg,2008111410105,Paquete De Ganchos Simple Para Ropa Rosa 10 Pzas,2490
3119.jpg,2008111412109,Paquete De Ganchos Simple Para Ropa Blanco 10 Pzas,2490
3131.jpg,2008154010102,Lámpara Mata Mosquitos MINISO,6990
314.jpg,0300016611,Almohada Para Viaje Con Memory Foam Gris Oscuro 30*30*9Cm 30x30x9 cm,7990
3236.jpg,2007966510107,Carrito Eléctrico Miniso Infantil De Burbujas,14990
3257.jpg,0100032141,Set De Cuchara Y Tenedor Con Estuche De Tela Azul 205Cm 3Pzas,2990
3286.jpg,0500019691,Soporte Para Celular Cuadrado Tipo Anillo - We Bare Bears - 2 Piezas,2490
3291.jpg,0700059682,Antifaz Para Dormir Con Ojos Animales Tiernos,2990
3294.jpg,0800017561,Monedero Semicircular Negro/Rosa/Azul 16*35*105Cm,2490
3297.jpg,1000024672,Protector De Pie Para Mujer Rosa/Azul 3Pzas, Podras Recibir Alguno De Los Productos En Las Imágenes Según Stock,2490
3298.jpg,1000029091,Tapete Fino Textura A Rayas,4990
3306.jpg,2000003810109,Espejo Portatil Cuadrado - Memaid Series Miniso Portatil Multicolor,2093
3312.jpg,2006877510107,Paquete De Tazones Ecologico Multicolor 6 Pzs 6 Piezas,3490
3313.jpg,2006877610104,Paquete De Platos Ecologico  Multicolor 6 Pzs MINISO,2093
3314.jpg,2006877810108,Paquete De Vasos Ecologico Multicolor 6 Pzs 6 Piezas,2990
3319.jpg,2006917010109,Paquete De Clip Para  Bolsa De  Alimentos  Mixto 24 Pzas,2990
3320.jpg,2006923810106,Portadocumentos A4 - We Bare Bears, Podras Recibir Alguno De Los Productos En Las Imágenes Según Stock We Bare Bears,2990
334.jpg,0300018241,Banano Deportivo - Gris - 11*30 cm,4990
3408.jpg,2007970810101,Correa Para Mascota Chico Para Mascota Liso Multicolor Chico,995
3409.jpg,2007970910108,Correa Para Mascota Mediano Para Mascota Liso Multicolor Mediano,1995
3426.jpg,2008043210101,Caja De Plastico Rectangular S, Podras Recibir Alguno De Los Productos En Las Imágenes Según Stock 25.4X10.7X11.2 cm,1990
3428.jpg,2008043510102,Caja De Plastico L,2990
344.jpg,0300021151,Peluche Panda  Lovely Sentado 30 Cm - We Bare Bears We Bare Bears Panda Felpa 30 cm,7990
3448.jpg,2008122410101,Contenedor De Plastico Color Mixto 400Ml 4 Pzas,2990
3451.jpg,2008122710102,Contenedor De Plastico Color Mixto 1100Ml 4 Pzas,3990
3452.jpg,2008122810109,Contenedor De Plastico Color Mixto 1800Ml 3 Pzas,3990
346.jpg,0300021153,Peluche Grizzly  Lovely Sentado   30 Cm- We Bare Bears We Bare Bears Pardo Felpa 30x25.5 cm,7990
3466.jpg,2008158110105,Calcetines Para Mujer De Malla 2 Pares Colores Mixtos, Podras Recibir Alguno De Los Productos En Las Imágenes Según Stock,2443
3468.jpg,2008158410106,Protector De Pie Para Mujer 1 Par, Podras Recibir Alguno De Los Productos En Las Imágenes Según Stock,2793
3530.jpg,2006841512106,Lápiz Delinador para Cejas de Punta Plana NEGRO N07 3en1 0.5g,4193
3551.jpg,2006970510103,Rascador Pequeño para Espalda Color Aleatorio,2490
360.jpg,0400012971,Plumon A Base De Agua Doble Punta Lavanda 168*12Cm,1290
3643.jpg,2008117312106,Cable De Datos We Bare Bears Polar Micro USB A USB,1197
372.jpg,0400016391,Pluma 05Mm De Gel Barril Plateadonegro MINISO,693
374.jpg,0400016411,Pluma 0.5Mm De Gel Negro 14.8*2Cm,990
381.jpg,0400017811,Paquete De Crayones De Oleo Con Estuche Transparente 185*212*29Cm MINISO,4490
3811.jpg,0200430401,Pinzas Para Depilar Con Doble Punta, Acero Inoxidable 1 Pieza,2990
3817.jpg,0400016381,Pluma 0.5Mm De Gel Azul,990
383.jpg,0400020261,Paquete De Plumones A Base De Agua 24 Piezas,4990
3861.jpg,2006981110101,Portadocumentos Polar Tamaño A6 - We Bare Bears WE BARE BEARS,2490
3942.jpg,2008463910100,Exprimidor De Pasta De Dientes,2990
3988.jpg,2007958710102,Juguete Bell Ball Para Mascota Pelota Con Cascabel Plástico,645
3999.jpg,2008072810105,Envase De Almacenamiento Miniso Con Tapa Rosa 500 ml,1990
4000.jpg,2008072811102,Tarro Con Tapa Verde 500 ml,1790
4042.jpg,2009770710100,Pinza Para Cabello De Garra Con Estampado De Leopardo Podras Recibir Alguno De Los Productos En Las Imágenes Según Stock,2990
4054.jpg,2009793210106,Paquete De Ligas Para Cabello, En Caja, Negro 80 Piezas,2490
4055.jpg,2009793310103,Paquete De Ligas Para Cabello Tono Degradado 40 Piezas, Podras Recibir Alguno De Los Productos En Las Imágenes Según Stock,1490
4062.jpg,2010008410105,Juego De Esponjas De Limpieza 8Pzas Para Limpieza 8 Piezas,1990
408.jpg,0400026661,Set  De Lapices De Colores Neon M001 6 Colores,2990
4087.jpg,0100033961,Pastillero 6 compartimentos, Transparente, Chico,2990
4099.jpg,0200030481,Paquete De Cepillos Dentales De Cerdas Suaves De Carbon Multicolor 3Pzas,2990
4114.jpg,0200048791,Encrespador De Pestañas Rosa Con Goma De Repuesto,,2990
4145.jpg,0500006992,Audífonos  De Cable Alta Fidelidad Rosa 1.2M MINISO Rosa 1,2 m,8990
4169.jpg,0500020794,Audífonos  De Cable Se383 Azul/Blanco 12M,3990
417.jpg,0500002001,Pilas Alcalina Aa Azul Metalico 8Pzas MINISO AA. Azul Claro 8 Piezas,747
4192.jpg,0800023441,Bolsa De Compras Panda Blanco 34*70*5Cm - We Bare Bears WE BARE BEARS,4990
4201.jpg,1000024673,Calcetín para Mujer Negro 3 Piezas,1743
424.jpg,0500007651,Audifonos De Cable Negro 1M MINISO,2990
4256.jpg,2006946810107,Bote De Basura Sencillo Rosa-Azul-Verde,2490
4336.jpg,2007954910100,Cojin En Forma De Panda-We Bare Bears WE BARE BEARS,16990
434.jpg,0500008553,Lente Para Celular 2 En 1 Negro 8*13*25Cm MINISO Para Celular 2 En 1 Negro,995
4351.jpg,2008040212108,Organizador Plástico Con Cajones, Azul, Grande, 16.9X8.5X9 cm,3990
4371.jpg,2008119710108,Reloj Despertador We Bare Bears Varios Diseños WE BARE BEARS,7490
4528.jpg,0500008811,Mini Cable Adaptador DP A VGA Blanco,4995
457.jpg,0500020792,Audifonos De Cable Se383 Negro/Azul 12M MINISO,3990
4588.jpg,2006859110103,Colgante Plegable Para Ropa Con  Pinzas Gris,2490
4615.jpg,2006934811109,Caja De Almacenamiento Rectangular Trenzado  Pequeña Gris,1290
4658.jpg,2007003012106,Neceser De Viaje Verde,4990
4707.jpg,2007953910101,Juguete Para Mascotas De Cuerda De Algodón  En Forma De Bola Colores Mixtos Cuerda De Algodón Colores Varios,1990
474.jpg,0500025931,Soporte Para Celular Tipo Anillo MINISO,2690
4746.jpg,2008912710107,Paquete De Pinzas Para Ropa Plástico 20 Piezas,1990
4785.jpg,0100046271,Bolsa De Lavado En Forma Rectangular Blanco 2 Pzas,2990
4795.jpg,0400026541,Paquete De Cintas Adhesivas Decorativa Multicolor 15Cm*4M 7Pzas Podrás Recibir Alguno De Los Productos En Las Imágenes Según Stock,3990
4813.jpg,2006883010103,Organizador De Viaje  Sencillo (Negro),2490
4814.jpg,2006883011100,Organizador De Viaje Sencillo Gris 21X7X8CM,2490
4815.jpg,2006883012107,Organizador De Viaje  Sencillo (Verde),2490
4843.jpg,2007684510106,Despachador De Cinta Adhesiva Arcoiris,1990
4872.jpg,2008084911104,Paquete De Cubrebocas Tipo Estrella Seda Gris 3 Piezas,590
4907.jpg,2008324610101,Bolsa De Lavado Mickey Mouse 3 Pzs Disney,3490
4914.jpg,2008329010104,Bolso De Compras - Minnie Mouse - Negro DISNEY Minnie Mouse Blanco 11X12X18.5cm,8990
4935.jpg,2008560510104,Jugo De Mini Destornilladores - 5 Piezas Mini 5 Piezas,1990
5055.jpg,2009873610109,Set De Juguete Miniso Oficina de Correo con Coche Plástico,6990
5068.jpg,2010008210101,Paño De Limpieza 6 Pzs,1990
5089.jpg,2007961710106,Pluma Retráctil8 En 1, WE BARE BEARS Podras Recibir Alguno De Los Productos En Las Imágenes Según Stock,1290
5098.jpg,0100046281,Bolsa De Lavado En Forma Cilindrica Blanco 3 Pzas,3990
5102.jpg,0200021851,Tónico Facial Ácido Hialurónico 400 ml,4990
5112.jpg,0400024181,Paquete De Crayones Al Óleo Con Estuche, 36 Colores,4990
5115.jpg,0500007621,In-Ear Phone (Pink),2990
5120.jpg,1000023011,Calcetín  Para Hombre Negros,4490
5130.jpg,2006883013104,Organizador De Viaje, Rosa, 23 X 18 Cm.,1743
5133.jpg,2006921510107,Paquete De Máquinas De Afeitar Para Hombre 10 Pzs,2093
5134.jpg,2006934810102,Caja De Almacenamiento Rectangular Trenzado Pequena (Khaki),1290
5162.jpg,2007906510105,Banda de Puntos Negros Para Nariz De Té 10 Piezas,2490
5163.jpg,2007906610102,Banda de Puntos Negros Para Nariz De Rose V2 10 Piezas,2490
5167.jpg,2007954810103,Cojin En Forma De Ice Bear-We Bare Bears WE BARE BEARS,16990
5177.jpg,2008055110109,Cortauñas We Bare Bears Acero Inoxidable,2490
5199.jpg,2008244410102,Mica Para Iphone De Vidrio Templado Para X-Xs-11Pro Orilla Negro 2.5D,693
5212.jpg,2008526210109,Bolsa de Lavado con Cierre para Ropa Interior Malla Blanco 16X15 cm,1290
5215.jpg,2008560211100,Almohada De Viaje Miniso Azul,3990
5223.jpg,2008647010107,Caja De Almacenamiento Rectangular Con Broche Y Asa Superior Plástico Transparente 22.7X14.4X8.3Cm,1990
5228.jpg,2008667510106,Set De Almohadillas Desmaquillantes Reutilizables    Fibra De Trigo Café    2 Piezas,2490
523.jpg,2000002410102,Set De Lapiceras Trasnparente 2 Pzas,2490
5233.jpg,2008835410108,Juguete Infantil Apilable Miniso Oso Madera Azul,6990
5254.jpg,2009980910109,Peluche Cerdito Sentado Miniso Abeja,12990
526.jpg,2000003310104,Peluche Polar Acostado - We Bare Bears WBB,12990
5272.jpg,2010068611108,Peluche   Pingüino Con Plátano  Azul 28X26.1X15.7Cm,6990
528.jpg,2000003410101,Peluche Polar - We Bare Bears WBB,6993
529.jpg,2000003411108,Peluche Grizzly - We Bare Bears WBB,12990
5292.jpg,2008359810101,Esponja de baño personajes Disney DISNEY Se Enviará Algunos De Los Productos De Las Imágenes Según Stock,3490
5311.jpg,2008109010102,Caja de Almacenamiento Apilable Rectangular 28x10.5 cm,2490
5352.jpg,2008543710101,Lonchera Disney Mickey Mouse Textil Negra 21x13x21 cm,6990
5399.jpg,2008111610109,SOPORTE PARA CELULAR  TIPO ANILLO - WE BARE BEARS,2290
5403.jpg,2008484510105,Vaso de Plástico de Doble Capa MICKEY MOUSE 250ml Rosa o Azul,4990
542.jpg,2006842312101,Audífonos  De Cable 1317M Blanco/Plata Jack Blancos,2495
5421.jpg,0200009921,Mascara De Pestañas Sin Manchas Larga Duración 6 gr,2990
5427.jpg,0200027531,Perfume Para Mujer Crystal Diamond 50 ml,4990
5470.jpg,0500005781,Audífonos De Cable Cerámica Verdes,2995
558.jpg,2006856410107,Almohada Para Viaje Con Memory Foam Polar Gris Claro - We Bare Bears WBB,8990
5583.jpg,1000028971,Protector de Pie Antideslizante Seda para Mujer,2490
5584.jpg,1000028981,Calcetines Para Mujer Antideslizantes,1990
559.jpg,2006856411104,Almohada Para Viaje Con Memory Foam  Panda Gris Oscuro  - We Bare Bears WBB,7990
560.jpg,2006856412101,Almohada Para Viaje Con Memory Foam Grizzly Cafe  - We Bare Bears WBB,7490
575.jpg,2006857412100,Toalla Deportiva - Roja Para Sudor O Agua Roja,6990
5764.jpg,2008674610103,Notas Adhesivas Tipo Cuaderno Con 6 Colores Tipo Separador De Cuaderno 6 Colores,1990
5780.jpg,2009860910106,Botella Con Atomizador Plástico Transparente 100 ml,1393
5782.jpg,2010034610104,Set para Colorear - 3D - Tyvek Elefante 5 Piezas,2793
5797.jpg,2010143711105,Peluche We Bare Bears Polar Con Capucha Y Suéter 23.8X17.4X16.1CM,6990
5885.jpg,0200047961,Toallas Humedas - We Bare Bears We Bare Bears 80 Piezas,2990
5932.jpg,2009926210102,Bolsa De Lavado Cilindrica MINISO,1990
5934.jpg,2009926410106,Bolsa De Lavado Cuadrada MINISO,1990
5955.jpg,2010181210103,Paquete de Pinzas para Cabello - Tipo Garra Acabado Mate 6 Piezas,2490
5956.jpg,2010181211100,Paquete de Pinzas para Cabello - Tipo Garra Acabado Satinado 6 Piezas,2490
5962.jpg,2010193210108,Soporte  Celular para Escritorio Blanco,3990
5963.jpg,2010193211105,Soporte  Celular Para Escritorio MINISO,3990
5968.jpg,2010200010103,Lapicera Con Pompones MINISO,2990
5969.jpg,2010200011100,Lapicera Con Pompones MINISO,2990
5974.jpg,2010216110101,Botella De Spray - Grande - 300 Ml,2990
5976.jpg,2010217010103,Espejo Plegable Hexagonal Con Brillantina Miniso Rosa,2093
5993.jpg,2010224011100,Banda de Resistencia Gruesa para Piernas y Glúteos - Gris - Miniso Sports Miniso Sport Gris 31X5.5cm,3493
6001.jpg,2010227011107,Soporte Para Celular De Automoviles Gravity Sensor Gris Gris,2093
6024.jpg,2010305910100,Encrespador De Pestañas Profesional Plástico Rosa,1990
6035.jpg,2010357810106,Organizador para Cosméticos con Cajones Delgados Plástico Transparente 26X17.3X9.8CM cm,8990
6042.jpg,2010360011101,Paquete De Bolsas Herméticas - Gruesas  Frasco Café 6 Piezas,1393
6071.jpg,2010443310107,Kit De Lavado De Dientes, Cepillo Y Vaso Plástico Azul,1990
6072.jpg,2010443311104,Kit De Lavado De Dientes, Cepillo Y Vaso Plástico Blanco,1990
6083.jpg,2010517417107,Cubrebocas Ajustable Reutilizable Rosa,413
609.jpg,2006877710101,Juego De Cubiertos MINISO Ecológicos Cuchara, Tenedor Y Cuchillo, 18 Piezas,2990
6104.jpg,0200018001,Tubos Mágicos Para Cabello - Multicolor - 40*62 Cm - 12 Piezas Plástico Azules,2490
6105.jpg,0200039971,Paquete de Pañuelos Desechables We Bare Bears chico 18 piezas,2490
6233.jpg,2007011813108,PROTECTOR DE PIE PARA HOMBRE - GRIS  Para Hombre Tela Gris 26.5X9.2X1.9 cm 2 Pares,990
6257.jpg,2007871311103,Set De Cubiertos - Cuchara / Tenedor - Colorful Efecto Tornasol Acero Inoxidable 2 Piezas,3990
6295.jpg,2010199910101,Kit de Papelería con Estuche Redondo Rosa,2490
6297.jpg,2010252810102,Notas Adhesivas Fluorescentes  Bicolor 15*50 mm 5 Piezas con 80 hojas c/u,990
6298.jpg,2010252910109,Notas Adhesivas Fluorescentes  75*15 mm 5 Piezas con 120 hojas c/u,990
6299.jpg,2010252911106,Notas Adhesivas Fluorescentes  Pasteles 75*15 mm 5 Piezas con 150 hojas c/u,990
6364.jpg,2010436410104,GUANTES DE BAÑO - COLORES MIXTOS,1990
6411.jpg,0700039041,Brasier Invisible De Silicon (Natural) 7.5Cm Silicona 6.5 cm 2 Pares,3990
644.jpg,2006898010105,Tijeras Para Depilar Cejas V2 Negro,1245
6460.jpg,2010309511105,Paquete De Ganchos Para Ropa De Niño - Ganchos Rosa - 10 Piezas,1603
6474.jpg,2010436310107,Esponja De Baño De Colores - Modelos Mixtos,2990
6497.jpg,2007011812101,PROTECTOR DE PIE PARA HOMBRE - BASIC SERIE,1995
6499.jpg,2007486310102,CALCETINES PARA HOMBRE - BARCO - 2 PIEZAS,990
6528.jpg,2008674410109,Lápiz De Gel Secado Rapido  0.7Mm Negro MINISO Retráctil Secado Rápido Punta 0.7mm Negro,990
6538.jpg,2010140210106,Paquete De Ligas Para El Cabello De Espiral - Negro - 6 Piezas,1490
6539.jpg,2010140310103,Paquete De Ligas Para El Cabello - Rayas Gruesas - Diseño Mixto - 8 Piezas,1490
6555.jpg,2010285711100,Libreta De Notas Con Calendario - B6 - Morado MINISO,1990
6556.jpg,2010285712107,Libreta De Notas Con Calendario - B6 - Azul MINISO,1990
6560.jpg,2010303416109,Plumón Grueso - 1.0 Mm - Naranja,395
6577.jpg,2010356110108,MASAJEADOR DE MARTILLO EN FORMA DE PUÑO,2093
6579.jpg,2010374410105,CAJA DE PLASTICINA - COLORES - 6 PIEZAS - MODELOS MIXTOS,3990
6600.jpg,2010507710102,CUCHILLO DE ARTE MINI - 5 PIEZAS,1990
663.jpg,2006913410101,Set De Cubiertos 3 Pzs - Fruit Series FRUIT SERIES Cuchara, Palillos y Tenedor Metal Multicolor,4990
6635.jpg,2010547810107,PAQUETE DE ESPONJAS DOBLE CARA - 8 PIEZAS,1990
6636.jpg,2010547910104,PAQUETE DE ESPONJAS -  6 PIEZAS,2990
6638.jpg,2010548210104,PAQUETE DE ESPONJAS - PLATEADAS - 5 PIEZAS,1990
6639.jpg,2010548310101,PAQUETE DE ESPONJAS CON MALLA - 6 PIEZAS,1490
665.jpg,2006913811106,Peluche Miniso De Cerdito Sentado Con Capucha De Conejo Rosa 28x15 cm,9990
6706.jpg,2008244710103,Mica Para Iphone Xs Max - 11 Pro Max - Vidrio Templado - Anti Luz Azul - Orilla Negra -  2.5 D,990
6721.jpg,2010216910107,Espejo Tipo Vanity - Cuadrado - Dos Caras Giratorio - Magnificación X2,2990
6725.jpg,2010220311105,Contenedor Para Comida - Doble Capa - Rosa - 1000 Ml,5990
6728.jpg,2010237010107,Audífonos Inalámbricos Tws -  Semi-In-Ear - Negro - Minisounds MINISO,14990
6729.jpg,2010237011104,Audífonos Inalámbricos Tws - Semi-In-Ear - Blanco - Minisounds MINISO,14990
6737.jpg,2010303415102,Plumón Grueso De Barril - 1.0 Mm - Negro MINISO,790
6740.jpg,2010305210101,TIJERAS PROFESIONALES PARA CEJAS - PUNTA REDONDA,1393
6811.jpg,2010442410105,Clip Para Bolsa De Alimentos - Gran Fuerza - S,1290
6838.jpg,0500007234,Audífonos De Diadema Con Cable - Verde/Negro MINISO,10990
6843.jpg,0700039061,BRASIER ADHESIVO INVISIBLE - NATURAL - 8 CM - 2 PIEZAS MINISO,2093
6850.jpg,2006882813101,ORGANIZADOR DE  VIAJE PEGABLE - 4 ESPACIOS - ROSA MINISO,4990
6857.jpg,2007872910107,PINZAS PARA ROPA - MEDIUM - 12 PIEZAS MINISO,1290
6873.jpg,2008744410107,Plumón A Base De Agua - 12 Piezas - Dinosaur Series MINISO,1990
6888.jpg,0580676961,CABLE TIPO C A LIGHTNING - BLANCO - 1 M - MINISO MINISO,11490
6889.jpg,0700039071,Brasier Adhesivo Invisible Natural 8Cm 9 cm 2 Pares,2990
6892.jpg,0800026132,LONCHERA PANDA WBB - GRIS - 27.5*19*17 CM - WE BARE BEARS WBB,3990
6928.jpg,2008286010100,PAQUETE DE CALCETINES PARA HOMBRE - GRIS CLARO - 2 PIEZAS MINISO,1745
6931.jpg,2008342910108,PROTECTOR DE PIE PARA MUJER - ESTILO JAPONES - GRIS - 2 PIEZAS MINISO,2793
6942.jpg,2008597610105,PROTECTOR DE PIE PARA MUJER - MESH - COLORES MIXTOS - 5 PIEZAS MINISO,4490
6980.jpg,2010274410106,Gorra de Baño a Prueba de Agua - DISNEY ANIMALS Collection - 3 Piezas,2490
7055.jpg,2010435210101,Paquete De Esponjas Para Maquillaje - Suaves - Skin Friendly - Oliva Miniso,2490
7057.jpg,2010435910100,KIT REMOVEDORA PROFESIONAL PARA ACNÉ - 8 PIEZAS MINISO,5490
708.jpg,2006926510102,Portacepillo De Dientes - We Bare Bears WE BARE BEARS,3990
7095.jpg,2010539210106,QUITAPELUSAS CON REPUESTO - MICKEY MOUSE COLLECTION 2.0 - DISNEY DISNEY 2.0,4990
7105.jpg,2010566511108,KIT DE CEPILLOS DE DIENTES ELÉCTRICO MULTICOLOR - GRIS CLARO MINISO,3490
7110.jpg,2010591710101,CEPILLO DENTAL CON CABEZA REEMPLAZABLE - 1 MANGO - 3 CABEZAS MINISO,1393
7269.jpg,2009785110100,Paquete De Ligas Básicas Para El Cabello - Huiyun - Negro - 8 Piezas,1490
7331.jpg,2010289910103,Perfume Para Mujer - Angel S Gift,9990
7336.jpg,2010374311105,Caja De Plasticina En Lavadora Azul Miniso,6990
7349.jpg,2010417210105,SET DE ARTE VELVET CON 8 MARCADORES -  PERRO,3990
7422.jpg,0200027481,Perfume Para Mujer Eternal Faith 50 ml,6990
7423.jpg,0200039751,Perfume Para Mujer Sweet Girl 30 ml Jazmín,3990
7484.jpg,2009783910108,Paquete De Ligas Para El Cabello - Rombo Clásico - Café/Gris/Rosa - 3 Piezas,1490
7561.jpg,2007036610102,ESPONJA DE BAÑO - FRUIT SERIES,2990
7565.jpg,2010374310108,Caja De Plasticina En Lavadora - Rosa Miniso,6990
7595.jpg,0500020351,Teclado Inalámbrico - Blanco - 285*120 Mm MINISO,16990
7596.jpg,0500020352,Teclado Inalámbrico - Plateado - 285*120 Mm MINISO,15990
76.jpg,0200006431,Paquete De Almohadillas De Algodon Rosa 180Pzas,2490
7606.jpg,2007682510108,Paquete De Pinza Para Cabello En Forma De Gota - 5 Cm - 6 Piezas,990
7632.jpg,2008138612100,Set De Contenedores De Comida Panda - 4 piezas - We Bare Bears,5990
7665.jpg,2008594310107,SOPORTE PARA CELULAR DE ESCRITORIO - PLEGABLE - PORTÁTIL - NEGRO,2990
7666.jpg,2008594311104,Soporte Para Celular De Escritorio - Plegable - Portátil - Blanco MINISO,2990
7672.jpg,2008674710100,POST-IT FLECHA - 7 COLORES - 7 PIEZAS,990
7677.jpg,2009903710106,CESTO DE ALMACENAMIENTO CON ASAS DOBLES - 3 PIEZAS,3990
7691.jpg,2010226810107,Máquina Para Corte  De Cabello - Ajustable,9490
7720.jpg,2010380610100,Cuaderno Estampado Con Plan Semanal - Rosa - 32 Hojas MINISO,1290
7723.jpg,2010380613101,Cuaderno Estampado Con Plan Semanal - Celeste - 32 Hojas MINISO,1290
7758.jpg,2010442810103,Soporte Para Cepillo De Dientes Con 2 Espacios - Uso General,1490
7771.jpg,2010508610104,CESTO DE ALMACENAMIENTO RECTANGULAR CON MANGO - TRENZADO,1290
7831.jpg,2010623810106,Peluche Con Outfit De Oso Panda we Bare Bears Collection 2.0- Wbb We Bare Bears 21 cm,6990
7842.jpg,2010660710100,MAT DE YOGA - 10 MM - MORADO,12990
7843.jpg,2010660711107,MAT DE YOGA - 10 MM - GRIS,12990
7846.jpg,2010669410100,Micrófono De Clip - 3.5 Mm - Live Stream Series MINISO,4990
7866.jpg,0400020723,TARJETA DE FELICITACION 3D - RUEDA DE LA FORTUNA - 20.5*11 CM,490
8.jpg,0100021351,Set De Cubiertos Con Estuche MINISO Azul/ Amarillo 3 piezas,2990
803.jpg,2006955810105,Calcetines para Mujer Multicolor 1 Par,1743
8059.jpg,2007011815102,PROTECTOR DE PIE PARA HOMBRE - GRIS,990
8085.jpg,2007337810102,CESTO DE ALMACENAMIENTO MINI - 3 PIEZAS,2490
8101.jpg,2008583011107,PLUMA TINTA AZUL  - 1.0 MM - DISEÑOS MIXTOS - BALLON  OSO,990
8194.jpg,2010535610108,Mochila Escolar Crossbody - Rojo/Rosa,10990
8196.jpg,2010604510100,Mascarilla De Gel Para Ojos Panda  Miniso,3990
8212.jpg,2010624813106,Base De Maquillaje Líquida - Color Me - Lr2 Miniso,3493
8246.jpg,2006909210104,GLOBO EN FORMA DE LETRA O,490
8272.jpg,2010351612102,PARAGUAS DE RAYAS BUSINESS 3 PLIEGUES - NEGRO 100% Fibra De Poliéster Negro,3995
8285.jpg,2007845610102,Paquete de Toallas Húmedas Forest Family Series  5 Piezas,1495
8289.jpg,2008079810108,Espejo Portátil con Figura de Gema  16x8.6x8 cm,1990
8299.jpg,2008597511105,Protector de Pie para Hombre Antideslizante Colores Mixtos  98% Poliéster, 2% Elastano Gris, Negro 25-28 5 Piezas,4193
83.jpg,0200012501,Paquete De Almohadillas De Algodon Blanco 400Pzas Con Estuche,2490
8303.jpg,2008654611106,Botella De Plástico Tritán Light Fruit,5990
8367.jpg,2010356810107,Rodillo Masajeador Facial Doble Cara Miniso Jade Verde,3990
8370.jpg,2010358910102,Caja de Plástico con Tapa   Plástico Blanca 34.8x26.4x15.3 cm,4490
8371.jpg,2010359010108,Cesto de Almacenamiento  Sintético Blanco 21.8x14.9x9.9 cm,1290
8376.jpg,2010359710107,Pelador De Vegetales Multifuncional Azul 2 Piezas,3490
8377.jpg,2010359712101,Pelador de Vegetales Multifuncional Verde 2 Piezas,3490
8393.jpg,2010407311102,Goggles Básicos para Adulto Negros Negros 18.6X6.9X5.1CM,2990
8394.jpg,2010407312109,Goggles Básicos para Adulto Rosa Rosa,2990
8398.jpg,2010439110100,Lámpara Recargable con Base Redonda 1200MAH Blanco 43x32x16.5 cm,12990
8402.jpg,2010442510102,Soporte Para Cepillo De Dientes Con 6 Espacios Blanco,1990
8409.jpg,2010465211109,Audífonos De Diadema Inalámbricos Negros CD PATTERNED MODELO TM-053 Negros,15990
8412.jpg,2010487610102,Lima para Pies Doble Cara Rosa 22.5x6.5 cm,1490
8415.jpg,2010490910107,Taburete de Almacenamiento Cuadrado   Lino Azul 30x30x30 cm,7990
8444.jpg,0200039661,Corta Cutícula Negro  Negro 105*6cm,3990
8447.jpg,2000003510108,Estuche  Estilo Japonés Sencillo Multicolor 22.098X6.35X6.604CM,2490
8466.jpg,2010097110108,Paquete de Cepillos Dentales Cerdas Suaves Finas  Rosa 18.5 cm 3 Piezas,2490
8479.jpg,2010290012100,Brillo Labial De Cocoa Miniso 5 ml Cacao,2990
8507.jpg,2010481910109,Set de Crema para Manos WBB  We Bare Bears 20 gr Piña, Naranja, Kiwi 3 Piezas,3990
8509.jpg,2010482110102,Set de Crema para Manos Fresh Winters Lovers   Fresh Winters Lovers  20 gr Manzanilla, Sakura, Camellia 3 Piezas,2990
8512.jpg,2010508910105,Cesto Plástico para Almacenamiento  con Mango Trenzado  Plástico Azul 24x18.5x10.3 cm,1990
8517.jpg,2010604410103,Mascarilla De Gel Para Los Ojos En Forma De Corazón 6 Piezas,3143
8521.jpg,2010624810105,Base De Maquillaje Líquida COLOR ME LY1 30 gr,3493
8522.jpg,2010624811102,Base De Maquillaje Líquida Color Me MR3 30 gr,2793
8527.jpg,2010642410103,Primer Suave Aclarador COLOR ME 01 Hidratante 20 gr,2495
8550.jpg,2010441010108,Juego de Damas Triangular 23x5x21 cm 25 Piezas,6990
8567.jpg,2008359610107,Mantel Individual Con La Silueta De Mickey Mouse DISNEY Mickey Mouse JACQUARD 2 piezas,3490
8571.jpg,2008768410107,Paquete De Sticker We Bare Bears Con Forma De Oso Polar We Bare Bears,990
8599.jpg,0500030711,Audífonos Con Cable Y  Funda Tipo Cápsula Negro Negro,4990
8609.jpg,2007224810109,Liga Para El Cabello  En Forma De Espiral 4.0 Colores Mixtos 4 piezas,1490
8610.jpg,2007224910106,Liga Para El Cabello  En Forma De Espiral 4.0 Colores Mixtos 6 piezas,1490
8611.jpg,2007225010102,Liga Para El Cabello  En Forma De Espiral 3.5 Colores Mixtos 6 piezas,1490
8627.jpg,2008852612103,Audífonos Inalámbricos Tws Con Tapón De Rosca Minisounds Rosa MINISO,14990
8632.jpg,2009806610107,Liga Para El Cabello  En Forma De Espiral 5.0 Colores Mixtos 4 piezas,1490
8638.jpg,2009887610102,Audífonos Tipo C Con Alas Blanco MODELO 8447T# Blanco,3745
8686.jpg,2010305310108,Set de Pinzas para Cejas Profesionales  2 piezas,2490
8688.jpg,2010306110103,Palillo de Limpieza de Orejas Profesional de Doble Punta 1 pieza,2290
8718.jpg,2010443010106,Toallero De Plástico Blanco Plástico Blanco,2990
8734.jpg,2010669010102,Soporte De Celular Expandible Live Broadcast Series MINISO,2443
8735.jpg,2010669310103,Soporte De Celular  Broadcast Series,11990
8741.jpg,2010879411102,Libreta Con Diseño De Cassette Negro MINISO,1990
8751.jpg,2010921010109,Cepillo Masajeador Verde para Cuero Cabelludo 1 pieza,2990
8785.jpg,2011373710104,Esponja Limpiador Facial de Fibra de Pulpa de Madera Fibra de Pulpa de Madera 3 piezas,1393
8834.jpg,2010252311104,Stickers De Gemas Illusion Collection MINISO 1 pieza - Azul, Morado o Blanco,693
8849.jpg,2010407310105,Googles Básicos para Adultos Azul  Azul 15,5x4,5 cm,1495
8879.jpg,2010352710104,Limpiador Removedor de Puntos Negros  Rosa 14.3 cm,9990
8898.jpg,2010645610104,Set de Colgador para Ropa Adulto Azul Adulto Azul 27.5x13.5 cm 3 Piezas,1393
8900.jpg,2010645710101,Set de Colgadores de Ropa Infantil Rosa Rosa 20 cm 4 Piezas,1490
8901.jpg,2010645810108,Set de Colgadores de Ropa Infantil Azul Azul 20 cm 4 Piezas,1393
8929.jpg,2008886810100,Cuerda Para Saltar Con Mango Largo,2793
8935.jpg,2010282010107,Audífonos Tipo C Blanco,2995
895.jpg,2007003010102,Neceser De Viaje Rectangular Con Gancho Y Separadores Interiores Negro,4990
8965.jpg,2011447510104,Soporte Para Celular Con Seguro Negro MINISO,4193
8974.jpg,2011577111103,Audífonos Inalámbricos Negros TWS,14990
8980.jpg,2007225210106,Liga Para El Cabello En Espiral 5.5 Mm,1043
8981.jpg,2007225410100,Liga Para El Cabello En Espiral 4.5 Mm,1490
8982.jpg,2007225610104,Liga Para El Cabello En Espiral 4.5 Mm,1490
8983.jpg,2007681910107,Paquete De Pinzas Para El Cabello En Forma De X,1490
9.jpg,0100023311,Set De Cubiertos Con Estuche Multicolor 25*15Cm 4Pzas,3990
9006.jpg,2010596810103,Taza con Caricatura de Gato,1990
9016.jpg,2010671310108,Paquete de Pañuelos Desechables con Estrellas We Bare Bears,1990
9017.jpg,2010671410105,Paquete de Pañuelos Desechables con Corazones We Bare Bears,990
9036.jpg,2010986412108,Aromatizante para Auto en Gel Maritime Sandalwood,2990
9055.jpg,2011527412106,Bolsa de Almuerzo con Cierre Rojo,3493
9058.jpg,2007706710101,Calcetín Largo para Hombre,2990
9067.jpg,2009806010105,Liga Para El Cabello En Espiral 5.0 Mm,1490
9068.jpg,2009806710104,Liga Para El Cabello En Espiral 5.0 Mm,1490
909.jpg,2007006310100,Soporte Para Celular De Escritorio Negro Con Sujetador Ergonómico Negro,3990
9096.jpg,2010647110107,Paquete de Pañuelos Desechables Sin Fragancia We Bare Bears,2990
910.jpg,2007006311107,Soporte Para Celular Miniso Con Sujetador Ergonómico Blanco,3990
9118.jpg,2011392110107,Cotones con Varilla de Papel We Bare Bears,2490
9121.jpg,0100037751,Organizador De Plástico Transparente,2990
9125.jpg,2006891210106,Ganchos Adhesivos Transparentes We Bare Bears,2990
9128.jpg,2007651410101,Calcetín Invisible para Mujer,1990
9133.jpg,2008045312100,Almohada para Viaje Transformable Pardo - We Bare Bears,12990
9155.jpg,2010252510101,Notas Adhesivas Fluor,990
9183.jpg,2010977610100,Paquete de Algodones,2990
9187.jpg,2011408110107,Blind Box Princesa Disney Princess Collection-Disney Disney,14990
9188.jpg,2011408210104,Blind Box, Caja Sopresa con Figura Disney Toy Story Toy Story 11 cm,14990
9197.jpg,0200024686,Esmalte Para Uñas  MINISO Rojo 15 ml,1290
9198.jpg,0200024687,Esmalte Para Uñas MINISO Rosa 15 ml,1290
9204.jpg,2010182816106,Esmalte Para Uñas A Base De Aceite Con Tapa Dorada 23 Rojo Brillante MINISO 11 ml,1393
9205.jpg,2010182817103,Esmalte Para Uñas A Base De Aceite Con Tapa Dorada 20 Naranja Claro MINISO 11 ml,1990
9206.jpg,2010182820103,Esmalte Para Uñas A Base De Aceite Con Tapa Dorada 18 Diamante Plateado Miniso Plateado 11 ml,1990
9207.jpg,2010182822107,Esmalte Para Uñas A Base De Aceite Con Tapa Dorada 17 Diamante Verde Miniso Verde 11 ml,1990
9208.jpg,2010182824101,Esmalte Para Uñas A Base De Aceite Con Tapa Dorada 16  MINISO Naranja 11 ml,995
9209.jpg,2010182830102,Esmalte Para Uñas A Base De Aceite Con Tapa Dorada 22 Oro Brillante Miniso Dorado 11 ml,1990
9210.jpg,2010182833103,Esmalte Para Uñas A Base De Aceite Con Tapa Dorada 19 Fuschia Brillante Miniso Fucsia 11 ml,1393
9211.jpg,2010182834100,Esmalte Para Uñas A Base De Aceite Con Tapa Dorada 24 Plateado Starlight Miniso Plateado 11 ml,1990
9218.jpg,2010620110100,Crema Exfoliante Miniso Cara Y Espalda 100 gr Árbol De Té,1995
9267.jpg,0200024696,Esmalte Para Uñas 15Ml MINISO Blanco,1290
9275.jpg,2008424010108,Carro De Juguete Miniso Sintético Multicolor,3990
9279.jpg,2010182814102,Esmalte Para Uñas A Base De Aceite Con Tapa Dorada 03 Base Coat Miniso,1990
9280.jpg,2010182831109,Esmalte Para Uñas A Base De Aceite Con Tapa Dorada 01 Top Coat Miniso,1990
93.jpg,0200019291,Cepillo Plano Para Cabello Con Espejo Y Puntas De Colores Rosa,2990
930.jpg,2007011811104,Calcetines Para Hombre 1 Color 2 Pares,1495
9308.jpg,2010986511108,Aromatizante Para Auto Miniso Clip Arándano,2093
9378.jpg,2008607211100,Contenedor Para Comida Panda  Con Division  650 Ml WE BARE BEARS Rosa,2990
9383.jpg,2010340912107,Libreta En Espiral Con Marcapaginas A7 Toy Story Collection De Hamm 70 Hojas-Disney TOY STORY Hamm Rayas Rosa 70 Hojas,1990
9387.jpg,2007976910102,Lápiz De Gel 0.5Mm Tinta Azul V2 -We Bare Bears WE BARE BEARS Tinta Azul 0.5 mm Papelería,1990
9389.jpg,2008674415104,Lápiz De Gel Secado Rapido  0.7Mm Azul Oscuro MINISO Retráctil Secado Rápido Punta 0.7mm Azul,990
94.jpg,0200019451,Encrespador De Pestañas Con Mango De Goma Verde De Acero Inoxidable,2490
9409.jpg,2011564310106,Brocha Para Maquillaje Miniso,4990
9410.jpg,2007663210102,Paquete de Pañuelos Desechables GATITOS chico Miniso 18 Piezas,2990
9466.jpg,2010660012105,Mouse Pad We Bare Bears Collection Verde-Wbb WE BARE BEARS Panda Rosa,1990
9485.jpg,2011803410109,Lampara Recargable Con Clip Para Celular 3.5 In Rgb MINISO,5990
9507.jpg,2010259210103,Perfume Para Magnificent Life Edicion Fuerte Miniso 100 ml Bergamota, Pera,9990
9514.jpg,2010361711109,Mascarilla Para Labios Shiny Chocolate Miniso 5 gs Chocolate,1490
9621.jpg,2008122010103,Contenedor Hermético para Comida Rectangular Beige MINISO,903
9647.jpg,2011613810106,Kit De Herramientos Para Peinado Miniso,2793
9668.jpg,2011480610106,Gancho Para Ropa Multifuncional 4 Pzas MINISO Blancos,1393
9712.jpg,2011558110101,Lápiz Sopresa Milk Tea Series Quicksand - 6 Diseños Aleatorios Miniso,1990
9713.jpg,2011561310109,Toalla De Limpieza De Doble Cara 3 Pzas MINISO,1990
9725.jpg,2010343810103,Mouse Pad Redondo Toy Story Collection Hamm Disney Disney,2490
9820.jpg,2011560912106,Audífonos  De Diadema Coloridos Con Luces MINISO Inalámbricos Azul,12990
9847.jpg,2011928811102,Estuche Para Airpods Mini Family Azul MINI FAMILY SERIES,2990
9866.jpg,2010360610106,Pelador Frontal Multifuncional MINISO Azul,1290
9879.jpg,2008419710105,Cubos De Hielo Reutilzable Formas Mickey Mouse 12Piezas-Disney Disney Reutilizables 12 Piezas,3990
9912.jpg,2010905510106,Plumilla Limpia Vidrios MINISO Blanco,1990
9914.jpg,2010929711107,Plumon Fosforescente Doble Cabeza MINISO Doble Cabeza Verde,990
9957.jpg,2011624410104,Collar De Mezclilla Para Perro MINISO,1245
9958.jpg,2011624510101,Correa De Mezclilla Para Perro MINISO,2495
9972.jpg,2011890910100,Soporte Para Telefono Magnetico MINISO Magnético Plateado,3990
9973.jpg,2011891010106,Soporte Para Telefono Magnetico MINISO Magnético Negro,3990
9977.jpg,2011958810106,Soporte Para Celular MINISO Clip Negro,2793
9989.jpg,2008080910101,Paquete De Almohadillas De Algodón Suaves Nacarado Miniso 100 piezas,3990
9990.jpg,2008083210109,Cepillo Para Cabello Con Espejo Strawberry-Fruit Series 2.0 Miniso,2990
9998.jpg,2010087610106,Tonico Humectante De Esencias Miniso 270 ml Aloe Vera,3990
